CREATE SCHEMA public;
GRANT usage ON schema public TO public;
GRANT create ON schema public TO public;

CREATE TABLE investigator (
  id SERIAL PRIMARY KEY,
  fname VARCHAR(30),
  mname VARCHAR(30),
  lname VARCHAR(30)
);

--- Test inserts
INSERT INTO investigator(fname, mname, lname) VALUES ('Nahum', '', 'Arav');
INSERT INTO investigator(fname, mname, lname) VALUES ('Guy', '', 'Worthey');
INSERT INTO investigator(fname, mname, lname) VALUES ('Jelle', '', 'Kaastra');
INSERT INTO investigator(fname, mname, lname) VALUES ('Charles', 'R.', 'Proffitt');
INSERT INTO investigator(fname, mname, lname) VALUES ('Reginald', 'J.', 'Dufour');
INSERT INTO investigator(fname, mname, lname) VALUES ('Francesco', '', 'Palla');

CREATE TABLE proposal (
  proposid INT PRIMARY KEY NOT NULL UNIQUE CHECK (proposid > 0),
  pi INT NOT NULL REFERENCES investigator (id),
  title VARCHAR(80)
);

INSERT INTO proposal(proposid, pi, title) VALUES ('13184', 3, 'Deciphering AGN outflows: multiwavelength monitoring of NGC 5548');
INSERT INTO proposal(proposid, pi, title) VALUES ('12600', 5, 'Carbon and Nitrogen Enrichment Patterns in Planetary Nebulae');
INSERT INTO proposal(proposid, pi, title) VALUES ('14141', 2, 'NGSL Extension 1. Hot Stars and Evolved Stars');
INSERT INTO proposal(proposid, pi, title) VALUES ('14242', 1, 'Deep Multiwavelength Campaign on an AGN Outflow: Absolute Abundances');
INSERT INTO proposal(proposid, pi, title) VALUES ('8714', 6, 'The ^12C/^13C abundance ratio in NGC 3242');
INSERT INTO proposal(proposid, pi, title) VALUES ('8081', 4, 'STIS CCD Hot Pixel Annealing -- II');
INSERT INTO proposal(proposid, pi, title) VALUES ('13134', 1, 'Fast outflows in NGC5548');

-- BOTH ID AND NAME, targets like jupiter can move
CREATE TABLE target (
  id SERIAL PRIMARY KEY,
  name VARCHAR(30),
  ra DOUBLE PRECISION,
  dec DOUBLE PRECISION
);

INSERT INTO target(name, ra, dec) VALUES ('NGC-5548', '214.49806', '25.1367888889');
INSERT INTO target(name, ra, dec) VALUES ('NGC-7469', '345.815308333', '8.87368888889');
INSERT INTO target(name, ra, dec) VALUES ('NGC3242', '156.1920317', '-18.642382091');
INSERT INTO target(name, ra, dec) VALUES ('NGC3242-OFFSET', '156.192666667', '-18.6422222222');
INSERT INTO target(name, ra, dec) VALUES ('NGC-3242-NEBOFFSET', '156.1921125', '-18.64365');
INSERT INTO target(name, ra, dec) VALUES ('NONE', '0.0', '0.0');
INSERT INTO target(name, ra, dec) VALUES ('CCDFLAT', '0.0', '0.0');
INSERT INTO target(name, ra, dec) VALUES ('NGC3242', '156.1920317', '-18.642382091');

CREATE TABLE description (
  id SERIAL PRIMARY KEY,
  description VARCHAR(80)
);

INSERT INTO description(description) VALUES ('NLR');
INSERT INTO description(description) VALUES ('STAR');
INSERT INTO description(description) VALUES ('SDO');
INSERT INTO description(description) VALUES ('ACCRETION DISK');
INSERT INTO description(description) VALUES ('EJECTA');
INSERT INTO description(description) VALUES ('BLR');
INSERT INTO description(description) VALUES ('POST-AGB STAR');
INSERT INTO description(description) VALUES ('EMISSION LINE NEBULA');
INSERT INTO description(description) VALUES ('SEYFERT');
INSERT INTO description(description) VALUES ('NUCLEUS');
INSERT INTO description(description) VALUES ('GALAXY');
INSERT INTO description(description) VALUES ('ISM');
INSERT INTO description(description) VALUES ('PLANETARY NEBULA CENTRAL STAR');
INSERT INTO description(description) VALUES ('WIND');
INSERT INTO description(description) VALUES ('PLANETARY NEBULA');


CREATE TABLE targ_map (
  targetid INT REFERENCES target (id),
  descripid INT REFERENCES description (id)
);

INSERT INTO targ_map(targetid, descripid) VALUES (1, 1);
INSERT INTO targ_map(targetid, descripid) VALUES (1, 6);
INSERT INTO targ_map(targetid, descripid) VALUES (1, 9);
INSERT INTO targ_map(targetid, descripid) VALUES (1, 10);
INSERT INTO targ_map(targetid, descripid) VALUES (2, 1);
INSERT INTO targ_map(targetid, descripid) VALUES (2, 6);
INSERT INTO targ_map(targetid, descripid) VALUES (2, 9);
INSERT INTO targ_map(targetid, descripid) VALUES (2, 10);
INSERT INTO targ_map(targetid, descripid) VALUES (3, 15);
INSERT INTO targ_map(targetid, descripid) VALUES (4, 2);
INSERT INTO targ_map(targetid, descripid) VALUES (4, 3);
INSERT INTO targ_map(targetid, descripid) VALUES (4, 4);
INSERT INTO targ_map(targetid, descripid) VALUES (5, 5);
INSERT INTO targ_map(targetid, descripid) VALUES (7, 9);
INSERT INTO targ_map(targetid, descripid) VALUES (7, 8);
INSERT INTO targ_map(targetid, descripid) VALUES (7, 7);
INSERT INTO targ_map(targetid, descripid) VALUES (8, 10);
INSERT INTO targ_map(targetid, descripid) VALUES (8, 11);
INSERT INTO targ_map(targetid, descripid) VALUES (8, 12);
INSERT INTO targ_map(targetid, descripid) VALUES (8, 13);
INSERT INTO targ_map(targetid, descripid) VALUES (8, 14);
INSERT INTO targ_map(targetid, descripid) VALUES (8, 15);

CREATE TABLE instrument (
  name CHAR(4) PRIMARY KEY NOT NULL UNIQUE,
  maker VARCHAR(40),
  installed DOUBLE PRECISION CHECK (installed > 0),
  active BOOLEAN
);

INSERT INTO instrument(name, maker, installed, active) VALUES ('STIS', 'Univ. Boulder', 1994.1245, TRUE);
INSERT INTO instrument(name, maker, installed, active) VALUES ('COS', 'Ball Aerospace', 2009.435, TRUE);
INSERT INTO instrument(name, maker, installed, active) VALUES ('FOS', 'Goddard Space Flight Center', 1991.123, FALSE);
INSERT INTO instrument(name, maker, installed, active) VALUES ('GHRS', 'Ball Aerospace', 1987.456, FALSE);

CREATE TABLE detector (
  name CHAR(4) NOT NULL,
  inst CHAR(4) REFERENCES instrument (name) NOT NULL,
  npixels INT,
  type VARCHAR(20) CHECK (type = 'mama' OR type = 'ccd' OR type = 'xdl' OR type = 'digicon' OR type = 'cathode'),
  PRIMARY KEY(name, inst)
);

INSERT INTO detector(name, inst, npixels, type) VALUES ('FUV', 'STIS', 4194304, 'mama');
INSERT INTO detector(name, inst, npixels, type) VALUES ('NUV', 'STIS', 4194304, 'mama');
INSERT INTO detector(name, inst, npixels, type) VALUES ('CCD', 'STIS', 4194304, 'ccd');
INSERT INTO detector(name, inst, npixels, type) VALUES ('FUV', 'COS', 16777216, 'xdl');
INSERT INTO detector(name, inst, npixels, type) VALUES ('NUV', 'COS', 1048576, 'mama');
INSERT INTO detector(name, inst, npixels, type) VALUES ('RED', 'GHRS', 1000, 'cathode');
INSERT INTO detector(name, inst, npixels, type) VALUES ('RED', 'FOS', 1000, 'digicon');
INSERT INTO detector(name, inst, npixels, type) VALUES ('BLUE', 'FOS', 1000, 'digicon');

CREATE TABLE observation (
  rootname CHAR(9) PRIMARY KEY,
  proposalid INT REFERENCES proposal (proposid)
);

INSERT INTO observation(rootname, proposalid) VALUES ('OBRZ05020', '12600');
INSERT INTO observation(rootname, proposalid) VALUES ('LC7004010', '13184');
INSERT INTO observation(rootname, proposalid) VALUES ('OBRZ04010', '12600');
INSERT INTO observation(rootname, proposalid) VALUES ('LC7006040', '13184');
INSERT INTO observation(rootname, proposalid) VALUES ('OBRZ04050', '12600');
INSERT INTO observation(rootname, proposalid) VALUES ('LC7003010', '13184');
INSERT INTO observation(rootname, proposalid) VALUES ('LCTG02010', '14242');
INSERT INTO observation(rootname, proposalid) VALUES ('LC7001050', '13184');
INSERT INTO observation(rootname, proposalid) VALUES ('LC7004050', '13184');
INSERT INTO observation(rootname, proposalid) VALUES ('LC7003030', '13184');
INSERT INTO observation(rootname, proposalid) VALUES ('OBRZ04030', '12600');
INSERT INTO observation(rootname, proposalid) VALUES ('LC7001030', '13184');
INSERT INTO observation(rootname, proposalid) VALUES ('LC7005020', '13184');
INSERT INTO observation(rootname, proposalid) VALUES ('LC7004020', '13184');
INSERT INTO observation(rootname, proposalid) VALUES ('O57315040', '8081');
INSERT INTO observation(rootname, proposalid) VALUES ('LC7001010', '13184');
INSERT INTO observation(rootname, proposalid) VALUES ('LC7002050', '13184');
INSERT INTO observation(rootname, proposalid) VALUES ('O64M01020', '8714');
INSERT INTO observation(rootname, proposalid) VALUES ('O64M01050', '8714');
INSERT INTO observation(rootname, proposalid) VALUES ('LC7002010', '13184');
INSERT INTO observation(rootname, proposalid) VALUES ('LC7005040', '13184');
INSERT INTO observation(rootname, proposalid) VALUES ('LC7004040', '13184');
INSERT INTO observation(rootname, proposalid) VALUES ('NONE', '14141');
INSERT INTO observation(rootname, proposalid) VALUES ('LC7002030', '13184');
INSERT INTO observation(rootname, proposalid) VALUES ('LC7006010', '13184');
INSERT INTO observation(rootname, proposalid) VALUES ('LC7005030', '13184');
INSERT INTO observation(rootname, proposalid) VALUES ('LC7003040', '13184');
INSERT INTO observation(rootname, proposalid) VALUES ('LC7002040', '13184');
INSERT INTO observation(rootname, proposalid) VALUES ('LC7006030', '13184');
INSERT INTO observation(rootname, proposalid) VALUES ('LC7005010', '13184');
INSERT INTO observation(rootname, proposalid) VALUES ('OCY5170D0', '14141');
INSERT INTO observation(rootname, proposalid) VALUES ('O64M01010', '8714');
INSERT INTO observation(rootname, proposalid) VALUES ('O64M01030', '8714');
INSERT INTO observation(rootname, proposalid) VALUES ('OBRZ05030', '12600');
INSERT INTO observation(rootname, proposalid) VALUES ('LCTG01010', '14242');
INSERT INTO observation(rootname, proposalid) VALUES ('LC7006050', '13184');
INSERT INTO observation(rootname, proposalid) VALUES ('OBRZ04040', '12600');
INSERT INTO observation(rootname, proposalid) VALUES ('O64M01040', '8714');
INSERT INTO observation(rootname, proposalid) VALUES ('LC7005050', '13184');
INSERT INTO observation(rootname, proposalid) VALUES ('LC7001040', '13184');
INSERT INTO observation(rootname, proposalid) VALUES ('LC7003020', '13184');
INSERT INTO observation(rootname, proposalid) VALUES ('LC7002020', '13184');
INSERT INTO observation(rootname, proposalid) VALUES ('OBRZ04020', '12600');
INSERT INTO observation(rootname, proposalid) VALUES ('OBRZ05010', '12600');
INSERT INTO observation(rootname, proposalid) VALUES ('LC7001020', '13184');
INSERT INTO observation(rootname, proposalid) VALUES ('LC7004030', '13184');
INSERT INTO observation(rootname, proposalid) VALUES ('LC7003050', '13184');
INSERT INTO observation(rootname, proposalid) VALUES ('LC7006020', '13184');

CREATE TABLE exposure (
  rootname CHAR(9) PRIMARY KEY,
  obsname CHAR(9) REFERENCES observation (rootname),
  instrument CHAR(4) NOT NULL,
  detector CHAR(4) NOT NULL,
  mjd DOUBLE PRECISION CHECK (mjd > 0),
  exptime DOUBLE PRECISION CHECK (exptime > 0),
  obsmode VARCHAR(80) CHECK (obsmode = 'ACCUM' OR obsmode = 'TIME-TAG'),
  cenwave INT CHECK (cenwave > 0),
  opt_elem CHAR(6),
  FOREIGN KEY (detector, instrument) REFERENCES detector (name, inst)
);

CREATE TABLE exptime_count (
  instrument CHAR(4) REFERENCES instrument (name),
  count DOUBLE PRECISION CHECK (count >= 0)
);

INSERT INTO exptime_count (instrument, count) VALUES ('STIS', 0);
INSERT INTO exptime_count (instrument, count) VALUES ('COS', 0);
INSERT INTO exptime_count (instrument, count) VALUES ('GHRS', 0);
INSERT INTO exptime_count (instrument, count) VALUES ('FOS', 0);


CREATE FUNCTION log_exptime() RETURNS trigger AS $log_exptime$
BEGIN
  UPDATE exptime_count SET count = (count + NEW.exptime) WHERE instrument = NEW.instrument;
  RETURN NEW;
END;
$log_exptime$ LANGUAGE plpgsql;
  
  
CREATE TRIGGER add_exptime
  BEFORE INSERT ON exposure FOR EACH ROW EXECUTE PROCEDURE log_exptime();

INSERT INTO exposure(rootname, obsname, instrument, detector, mjd, exptime, obsmode, cenwave, opt_elem) VALUES ('lc7006isq', 'LC7006030', 'COS', 'FUV', '56646.1917026', '550.0', 'TIME-TAG', '1600', 'G160M');
INSERT INTO exposure(rootname, obsname, instrument, detector, mjd, exptime, obsmode, cenwave, opt_elem) VALUES ('lc7002cvq', 'LC7002030', 'COS', 'FUV', '56485.2072003', '550.0', 'TIME-TAG', '1600', 'G160M');
INSERT INTO exposure(rootname, obsname, instrument, detector, mjd, exptime, obsmode, cenwave, opt_elem) VALUES ('lc7002d1q', 'LC7002050', 'COS', 'FUV', '56485.2322003', '565.0', 'TIME-TAG', '1623', 'G160M');
INSERT INTO exposure(rootname, obsname, instrument, detector, mjd, exptime, obsmode, cenwave, opt_elem) VALUES ('ocy5170d0', 'OCY5170D0', 'STIS', 'CCD', '57431.1334324', '25.0', 'ACCUM', '7751', 'G750L');
INSERT INTO exposure(rootname, obsname, instrument, detector, mjd, exptime, obsmode, cenwave, opt_elem) VALUES ('ocy517gmq', 'NONE', 'STIS', 'CCD', '57431.1181316', '10.0', 'ACCUM', '4300', 'G430L');
INSERT INTO exposure(rootname, obsname, instrument, detector, mjd, exptime, obsmode, cenwave, opt_elem) VALUES ('lc7003a6q', 'LC7003010', 'COS', 'FUV', '56497.7134041', '440.0', 'TIME-TAG', '1291', 'G130M');
INSERT INTO exposure(rootname, obsname, instrument, detector, mjd, exptime, obsmode, cenwave, opt_elem) VALUES ('lc7004k2q', 'LC7004010', 'COS', 'FUV', '56503.6766566', '440.0', 'TIME-TAG', '1291', 'G130M');
INSERT INTO exposure(rootname, obsname, instrument, detector, mjd, exptime, obsmode, cenwave, opt_elem) VALUES ('lc7003aaq', 'LC7003020', 'COS', 'FUV', '56497.7272581', '450.0', 'TIME-TAG', '1327', 'G130M');
INSERT INTO exposure(rootname, obsname, instrument, detector, mjd, exptime, obsmode, cenwave, opt_elem) VALUES ('lctg02irq', 'LCTG02010', 'COS', 'FUV', '57378.401596', '2705.0', 'TIME-TAG', '1096', 'G130M');
INSERT INTO exposure(rootname, obsname, instrument, detector, mjd, exptime, obsmode, cenwave, opt_elem) VALUES ('ocy517gqq', 'NONE', 'STIS', 'CCD', '57431.1218701', '20.0', 'ACCUM', '7751', 'G750L');
INSERT INTO exposure(rootname, obsname, instrument, detector, mjd, exptime, obsmode, cenwave, opt_elem) VALUES ('lc7006igq', 'LC7006020', 'COS', 'FUV', '56646.1486937', '450.0', 'TIME-TAG', '1327', 'G130M');
INSERT INTO exposure(rootname, obsname, instrument, detector, mjd, exptime, obsmode, cenwave, opt_elem) VALUES ('lc7004k9q', 'LC7004020', 'COS', 'FUV', '56503.6970385', '450.0', 'TIME-TAG', '1327', 'G130M');
INSERT INTO exposure(rootname, obsname, instrument, detector, mjd, exptime, obsmode, cenwave, opt_elem) VALUES ('lctg02hiq', 'LCTG02010', 'COS', 'FUV', '57378.1432623', '2075.0', 'TIME-TAG', '1096', 'G130M');
INSERT INTO exposure(rootname, obsname, instrument, detector, mjd, exptime, obsmode, cenwave, opt_elem) VALUES ('lc7005ylq', 'LC7005040', 'COS', 'FUV', '56505.2218533', '550.0', 'TIME-TAG', '1611', 'G160M');
INSERT INTO exposure(rootname, obsname, instrument, detector, mjd, exptime, obsmode, cenwave, opt_elem) VALUES ('lc7006i6q', 'LC7006010', 'COS', 'FUV', '56646.1283114', '440.0', 'TIME-TAG', '1291', 'G130M');
INSERT INTO exposure(rootname, obsname, instrument, detector, mjd, exptime, obsmode, cenwave, opt_elem) VALUES ('o64m01040', 'O64M01040', 'STIS', 'NUV', '51992.459209', '2897.0', 'ACCUM', '1933', 'G230M');
INSERT INTO exposure(rootname, obsname, instrument, detector, mjd, exptime, obsmode, cenwave, opt_elem) VALUES ('lc7004keq', 'LC7004040', 'COS', 'FUV', '56503.7431033', '550.0', 'TIME-TAG', '1611', 'G160M');
INSERT INTO exposure(rootname, obsname, instrument, detector, mjd, exptime, obsmode, cenwave, opt_elem) VALUES ('lc7002cnq', 'LC7002010', 'COS', 'FUV', '56485.1444226', '440.0', 'TIME-TAG', '1291', 'G130M');
INSERT INTO exposure(rootname, obsname, instrument, detector, mjd, exptime, obsmode, cenwave, opt_elem) VALUES ('lc7001arq', 'LC7001010', 'COS', 'FUV', '56465.5695369', '390.0', 'TIME-TAG', '1291', 'G130M');
INSERT INTO exposure(rootname, obsname, instrument, detector, mjd, exptime, obsmode, cenwave, opt_elem) VALUES ('ocy517glq', 'NONE', 'STIS', 'CCD', '57431.1158631', '20.0', 'ACCUM', '2375', 'G230LB');
INSERT INTO exposure(rootname, obsname, instrument, detector, mjd, exptime, obsmode, cenwave, opt_elem) VALUES ('lc7005ygq', 'LC7005020', 'COS', 'FUV', '56505.205094', '450.0', 'TIME-TAG', '1327', 'G130M');
INSERT INTO exposure(rootname, obsname, instrument, detector, mjd, exptime, obsmode, cenwave, opt_elem) VALUES ('lc7005ynq', 'LC7005050', 'COS', 'FUV', '56505.2304529', '550.0', 'TIME-TAG', '1623', 'G160M');
INSERT INTO exposure(rootname, obsname, instrument, detector, mjd, exptime, obsmode, cenwave, opt_elem) VALUES ('lc7003a4q', 'LC7003010', 'COS', 'FUV', '56497.7068763', '440.0', 'TIME-TAG', '1291', 'G130M');
INSERT INTO exposure(rootname, obsname, instrument, detector, mjd, exptime, obsmode, cenwave, opt_elem) VALUES ('lc7001b3q', 'LC7001050', 'COS', 'FUV', '56465.6905788', '530.0', 'TIME-TAG', '1623', 'G160M');
INSERT INTO exposure(rootname, obsname, instrument, detector, mjd, exptime, obsmode, cenwave, opt_elem) VALUES ('lc7004koq', 'LC7004050', 'COS', 'FUV', '56503.80955', '565.0', 'TIME-TAG', '1623', 'G160M');
INSERT INTO exposure(rootname, obsname, instrument, detector, mjd, exptime, obsmode, cenwave, opt_elem) VALUES ('obrz04040', 'OBRZ04040', 'STIS', 'CCD', '55941.9323644', '110.0', 'ACCUM', '7751', 'G750L');
INSERT INTO exposure(rootname, obsname, instrument, detector, mjd, exptime, obsmode, cenwave, opt_elem) VALUES ('lctg02ieq', 'LCTG02010', 'COS', 'FUV', '57378.2684708', '2705.0', 'TIME-TAG', '1096', 'G130M');
INSERT INTO exposure(rootname, obsname, instrument, detector, mjd, exptime, obsmode, cenwave, opt_elem) VALUES ('o57315040', 'O57315040', 'STIS', 'CCD', '51278.3918071', '0.1', 'ACCUM', '6768', 'G750M');
INSERT INTO exposure(rootname, obsname, instrument, detector, mjd, exptime, obsmode, cenwave, opt_elem) VALUES ('ocy517gkq', 'NONE', 'STIS', 'CCD', '57431.1153887', '20.0', 'ACCUM', '2375', 'G230LB');
INSERT INTO exposure(rootname, obsname, instrument, detector, mjd, exptime, obsmode, cenwave, opt_elem) VALUES ('o64m01030', 'O64M01030', 'STIS', 'NUV', '51992.3922875', '2897.0', 'ACCUM', '1933', 'G230M');
INSERT INTO exposure(rootname, obsname, instrument, detector, mjd, exptime, obsmode, cenwave, opt_elem) VALUES ('o64m01020', 'O64M01020', 'STIS', 'NUV', '51992.3253664', '2897.0', 'ACCUM', '1933', 'G230M');
INSERT INTO exposure(rootname, obsname, instrument, detector, mjd, exptime, obsmode, cenwave, opt_elem) VALUES ('lc7001b5q', 'LC7001050', 'COS', 'FUV', '56465.6984828', '530.0', 'TIME-TAG', '1623', 'G160M');
INSERT INTO exposure(rootname, obsname, instrument, detector, mjd, exptime, obsmode, cenwave, opt_elem) VALUES ('lc7004k4q', 'LC7004010', 'COS', 'FUV', '56503.6831844', '440.0', 'TIME-TAG', '1291', 'G130M');
INSERT INTO exposure(rootname, obsname, instrument, detector, mjd, exptime, obsmode, cenwave, opt_elem) VALUES ('ocy517gpq', 'NONE', 'STIS', 'CCD', '57431.119532', '10.0', 'ACCUM', '4300', 'G430L');
INSERT INTO exposure(rootname, obsname, instrument, detector, mjd, exptime, obsmode, cenwave, opt_elem) VALUES ('lc7001axq', 'LC7001020', 'COS', 'FUV', '56465.6246865', '400.0', 'TIME-TAG', '1327', 'G130M');
INSERT INTO exposure(rootname, obsname, instrument, detector, mjd, exptime, obsmode, cenwave, opt_elem) VALUES ('lctg02ijq', 'LCTG02010', 'COS', 'FUV', '57378.3347208', '2705.0', 'TIME-TAG', '1096', 'G130M');
INSERT INTO exposure(rootname, obsname, instrument, detector, mjd, exptime, obsmode, cenwave, opt_elem) VALUES ('lc7003agq', 'LC7003050', 'COS', 'FUV', '56497.7807885', '550.0', 'TIME-TAG', '1623', 'G160M');
INSERT INTO exposure(rootname, obsname, instrument, detector, mjd, exptime, obsmode, cenwave, opt_elem) VALUES ('ocy517goq', 'NONE', 'STIS', 'CCD', '57431.1191731', '10.0', 'ACCUM', '4300', 'G430L');
INSERT INTO exposure(rootname, obsname, instrument, detector, mjd, exptime, obsmode, cenwave, opt_elem) VALUES ('lc7001atq', 'LC7001010', 'COS', 'FUV', '56465.6104395', '390.0', 'TIME-TAG', '1291', 'G130M');
INSERT INTO exposure(rootname, obsname, instrument, detector, mjd, exptime, obsmode, cenwave, opt_elem) VALUES ('obrz04020', 'OBRZ04020', 'STIS', 'CCD', '55941.8870284', '63.0', 'ACCUM', '4451', 'G430M');
INSERT INTO exposure(rootname, obsname, instrument, detector, mjd, exptime, obsmode, cenwave, opt_elem) VALUES ('lc7005yqq', 'LC7005050', 'COS', 'FUV', '56505.2715522', '565.0', 'TIME-TAG', '1623', 'G160M');
INSERT INTO exposure(rootname, obsname, instrument, detector, mjd, exptime, obsmode, cenwave, opt_elem) VALUES ('lctg01k5q', 'LCTG01010', 'COS', 'FUV', '57383.1711793', '2705.0', 'TIME-TAG', '1096', 'G130M');
INSERT INTO exposure(rootname, obsname, instrument, detector, mjd, exptime, obsmode, cenwave, opt_elem) VALUES ('lc7001b1q', 'LC7001040', 'COS', 'FUV', '56465.6818751', '530.0', 'TIME-TAG', '1611', 'G160M');
INSERT INTO exposure(rootname, obsname, instrument, detector, mjd, exptime, obsmode, cenwave, opt_elem) VALUES ('lc7006idq', 'LC7006020', 'COS', 'FUV', '56646.1421655', '440.0', 'TIME-TAG', '1327', 'G130M');
INSERT INTO exposure(rootname, obsname, instrument, detector, mjd, exptime, obsmode, cenwave, opt_elem) VALUES ('o64m01050', 'O64M01050', 'STIS', 'NUV', '51992.5261301', '2897.0', 'ACCUM', '1933', 'G230M');
INSERT INTO exposure(rootname, obsname, instrument, detector, mjd, exptime, obsmode, cenwave, opt_elem) VALUES ('o64m01010', 'O64M01010', 'STIS', 'NUV', '51992.2661882', '2268.199951', 'ACCUM', '1933', 'G230M');
INSERT INTO exposure(rootname, obsname, instrument, detector, mjd, exptime, obsmode, cenwave, opt_elem) VALUES ('lc7002ctq', 'LC7002020', 'COS', 'FUV', '56485.1648048', '450.0', 'TIME-TAG', '1327', 'G130M');
INSERT INTO exposure(rootname, obsname, instrument, detector, mjd, exptime, obsmode, cenwave, opt_elem) VALUES ('lctg01k1q', 'LCTG01010', 'COS', 'FUV', '57383.1049293', '2705.0', 'TIME-TAG', '1096', 'G130M');
INSERT INTO exposure(rootname, obsname, instrument, detector, mjd, exptime, obsmode, cenwave, opt_elem) VALUES ('lc7006ixq', 'LC7006050', 'COS', 'FUV', '56646.2089018', '550.0', 'TIME-TAG', '1623', 'G160M');
INSERT INTO exposure(rootname, obsname, instrument, detector, mjd, exptime, obsmode, cenwave, opt_elem) VALUES ('lctg02i9q', 'LCTG02010', 'COS', 'FUV', '57378.2021978', '2705.0', 'TIME-TAG', '1096', 'G130M');
INSERT INTO exposure(rootname, obsname, instrument, detector, mjd, exptime, obsmode, cenwave, opt_elem) VALUES ('lc7006ibq', 'LC7006010', 'COS', 'FUV', '56646.1348392', '440.0', 'TIME-TAG', '1291', 'G130M');
INSERT INTO exposure(rootname, obsname, instrument, detector, mjd, exptime, obsmode, cenwave, opt_elem) VALUES ('lc7002czq', 'LC7002050', 'COS', 'FUV', '56485.2243996', '550.0', 'TIME-TAG', '1623', 'G160M');
INSERT INTO exposure(rootname, obsname, instrument, detector, mjd, exptime, obsmode, cenwave, opt_elem) VALUES ('obrz04050', 'OBRZ04050', 'STIS', 'CCD', '55941.9381977', '12.5', 'ACCUM', '7751', 'G750L');
INSERT INTO exposure(rootname, obsname, instrument, detector, mjd, exptime, obsmode, cenwave, opt_elem) VALUES ('obrz05020', 'OBRZ05020', 'STIS', 'NUV', '55947.1866814', '984.0', 'ACCUM', '2376', 'G230L');
INSERT INTO exposure(rootname, obsname, instrument, detector, mjd, exptime, obsmode, cenwave, opt_elem) VALUES ('lc7003a8q', 'LC7003020', 'COS', 'FUV', '56497.7207303', '440.0', 'TIME-TAG', '1327', 'G130M');
INSERT INTO exposure(rootname, obsname, instrument, detector, mjd, exptime, obsmode, cenwave, opt_elem) VALUES ('lctg01j6q', 'LCTG01010', 'COS', 'FUV', '57383.0490726', '2075.0', 'TIME-TAG', '1096', 'G130M');
INSERT INTO exposure(rootname, obsname, instrument, detector, mjd, exptime, obsmode, cenwave, opt_elem) VALUES ('lc7002cxq', 'LC7002040', 'COS', 'FUV', '56485.2158', '550.0', 'TIME-TAG', '1611', 'G160M');
INSERT INTO exposure(rootname, obsname, instrument, detector, mjd, exptime, obsmode, cenwave, opt_elem) VALUES ('lc7001avq', 'LC7001020', 'COS', 'FUV', '56465.6179628', '390.0', 'TIME-TAG', '1327', 'G130M');
INSERT INTO exposure(rootname, obsname, instrument, detector, mjd, exptime, obsmode, cenwave, opt_elem) VALUES ('lc7004k6q', 'LC7004020', 'COS', 'FUV', '56503.6905107', '440.0', 'TIME-TAG', '1327', 'G130M');
INSERT INTO exposure(rootname, obsname, instrument, detector, mjd, exptime, obsmode, cenwave, opt_elem) VALUES ('obrz04030', 'OBRZ04030', 'STIS', 'CCD', '55941.8945284', '60.0', 'ACCUM', '6581', 'G750M');
INSERT INTO exposure(rootname, obsname, instrument, detector, mjd, exptime, obsmode, cenwave, opt_elem) VALUES ('lc7005xiq', 'LC7005010', 'COS', 'FUV', '56505.1567144', '440.0', 'TIME-TAG', '1291', 'G130M');
INSERT INTO exposure(rootname, obsname, instrument, detector, mjd, exptime, obsmode, cenwave, opt_elem) VALUES ('lc7002crq', 'LC7002020', 'COS', 'FUV', '56485.1582766', '440.0', 'TIME-TAG', '1327', 'G130M');
INSERT INTO exposure(rootname, obsname, instrument, detector, mjd, exptime, obsmode, cenwave, opt_elem) VALUES ('lc7005xgq', 'LC7005010', 'COS', 'FUV', '56505.1501866', '440.0', 'TIME-TAG', '1291', 'G130M');
INSERT INTO exposure(rootname, obsname, instrument, detector, mjd, exptime, obsmode, cenwave, opt_elem) VALUES ('ocy517giq', 'NONE', 'STIS', 'CCD', '57431.1141153', '20.0', 'ACCUM', '2375', 'G230LB');
INSERT INTO exposure(rootname, obsname, instrument, detector, mjd, exptime, obsmode, cenwave, opt_elem) VALUES ('lc7003acq', 'LC7003030', 'COS', 'FUV', '56497.7635892', '550.0', 'TIME-TAG', '1600', 'G160M');
INSERT INTO exposure(rootname, obsname, instrument, detector, mjd, exptime, obsmode, cenwave, opt_elem) VALUES ('lc7005yjq', 'LC7005030', 'COS', 'FUV', '56505.2132537', '550.0', 'TIME-TAG', '1600', 'G160M');
INSERT INTO exposure(rootname, obsname, instrument, detector, mjd, exptime, obsmode, cenwave, opt_elem) VALUES ('lc7003aeq', 'LC7003040', 'COS', 'FUV', '56497.7721889', '550.0', 'TIME-TAG', '1611', 'G160M');
INSERT INTO exposure(rootname, obsname, instrument, detector, mjd, exptime, obsmode, cenwave, opt_elem) VALUES ('lc7002cpq', 'LC7002010', 'COS', 'FUV', '56485.1509503', '440.0', 'TIME-TAG', '1291', 'G130M');
INSERT INTO exposure(rootname, obsname, instrument, detector, mjd, exptime, obsmode, cenwave, opt_elem) VALUES ('ocy517gnq', 'NONE', 'STIS', 'CCD', '57431.1184905', '10.0', 'ACCUM', '4300', 'G430L');
INSERT INTO exposure(rootname, obsname, instrument, detector, mjd, exptime, obsmode, cenwave, opt_elem) VALUES ('lc7004kgq', 'LC7004050', 'COS', 'FUV', '56503.7714596', '550.0', 'TIME-TAG', '1623', 'G160M');
INSERT INTO exposure(rootname, obsname, instrument, detector, mjd, exptime, obsmode, cenwave, opt_elem) VALUES ('lctg01kcq', 'LCTG01010', 'COS', 'FUV', '57383.2374293', '2705.0', 'TIME-TAG', '1096', 'G130M');
INSERT INTO exposure(rootname, obsname, instrument, detector, mjd, exptime, obsmode, cenwave, opt_elem) VALUES ('lc7006iuq', 'LC7006040', 'COS', 'FUV', '56646.2003022', '550.0', 'TIME-TAG', '1611', 'G160M');
INSERT INTO exposure(rootname, obsname, instrument, detector, mjd, exptime, obsmode, cenwave, opt_elem) VALUES ('lc7004kbq', 'LC7004030', 'COS', 'FUV', '56503.7051981', '550.0', 'TIME-TAG', '1600', 'G160M');
INSERT INTO exposure(rootname, obsname, instrument, detector, mjd, exptime, obsmode, cenwave, opt_elem) VALUES ('obrz05030', 'OBRZ05030', 'STIS', 'NUV', '55947.2159755', '164.0', 'ACCUM', '1884', 'G230M');
INSERT INTO exposure(rootname, obsname, instrument, detector, mjd, exptime, obsmode, cenwave, opt_elem) VALUES ('lc7005xkq', 'LC7005020', 'COS', 'FUV', '56505.1640407', '440.0', 'TIME-TAG', '1327', 'G130M');
INSERT INTO exposure(rootname, obsname, instrument, detector, mjd, exptime, obsmode, cenwave, opt_elem) VALUES ('obrz05010', 'OBRZ05010', 'STIS', 'FUV', '55947.1279433', '1121.0', 'ACCUM', '1425', 'G140L');
INSERT INTO exposure(rootname, obsname, instrument, detector, mjd, exptime, obsmode, cenwave, opt_elem) VALUES ('lc7006j7q', 'LC7006050', 'COS', 'FUV', '56646.2566796', '565.0', 'TIME-TAG', '1623', 'G160M');
INSERT INTO exposure(rootname, obsname, instrument, detector, mjd, exptime, obsmode, cenwave, opt_elem) VALUES ('lc7003aiq', 'LC7003050', 'COS', 'FUV', '56497.7885892', '565.0', 'TIME-TAG', '1623', 'G160M');
INSERT INTO exposure(rootname, obsname, instrument, detector, mjd, exptime, obsmode, cenwave, opt_elem) VALUES ('ocy517gjq', 'NONE', 'STIS', 'CCD', '57431.1145898', '20.0', 'ACCUM', '2375', 'G230LB');
INSERT INTO exposure(rootname, obsname, instrument, detector, mjd, exptime, obsmode, cenwave, opt_elem) VALUES ('lc7001azq', 'LC7001030', 'COS', 'FUV', '56465.6330428', '530.0', 'TIME-TAG', '1600', 'G160M');
INSERT INTO exposure(rootname, obsname, instrument, detector, mjd, exptime, obsmode, cenwave, opt_elem) VALUES ('obrz04010', 'OBRZ04010', 'STIS', 'CCD', '55941.878244', '120.0', 'ACCUM', '4300', 'G430L');

CREATE TABLE reference_file (
  name VARCHAR(30) PRIMARY KEY,
  type VARCHAR(30)
);

INSERT INTO reference_file(name, type) VALUES ('obm1723ro_apd.fits', 'APDESTAB');
INSERT INTO reference_file(name, type) VALUES ('0bn1606sl_disp.fits', 'DISPTAB');
INSERT INTO reference_file(name, type) VALUES ('x1u1459gl_geo.fits', 'GEOFILE');
INSERT INTO reference_file(name, type) VALUES ('x6417092o_pfl.fits', 'PFLTFILE');
INSERT INTO reference_file(name, type) VALUES ('wc318317l_pha.fits', 'PHATAB');
INSERT INTO reference_file(name, type) VALUES ('0521335io_bia.fits', 'BIASFILE');
INSERT INTO reference_file(name, type) VALUES ('k8m09585o_ech.fits', 'ECHSCTAB');
INSERT INTO reference_file(name, type) VALUES ('lc7003040_asn.fits', 'ASN_TAB');
INSERT INTO reference_file(name, type) VALUES ('mbj1658do_pfl.fits', 'PFLTFILE');
INSERT INTO reference_file(name, type) VALUES ('k8m0958bo_cds.fits', 'CDSTAB');
INSERT INTO reference_file(name, type) VALUES ('zbn1927gl_gsag.fits', 'GSAGTAB');
INSERT INTO reference_file(name, type) VALUES ('lc7001020_asn.fits', 'ASN_TAB');
INSERT INTO reference_file(name, type) VALUES ('lc7006040_asn.fits', 'ASN_TAB');
INSERT INTO reference_file(name, type) VALUES ('h5s1140ko_lfl.fits', 'LFLTFILE');
INSERT INTO reference_file(name, type) VALUES ('vb816446o_rip.fits', 'RIPTAB');
INSERT INTO reference_file(name, type) VALUES ('pcc2026ko_lfl.fits', 'LFLTFILE');
INSERT INTO reference_file(name, type) VALUES ('0521335lo_bia.fits', 'BIASFILE');
INSERT INTO reference_file(name, type) VALUES ('x6417097o_pfl.fits', 'PFLTFILE');
INSERT INTO reference_file(name, type) VALUES ('lc7006010_asn.fits', 'ASN_TAB');
INSERT INTO reference_file(name, type) VALUES ('q541740oo_pct.fits', 'PCTAB');
INSERT INTO reference_file(name, type) VALUES ('lc7002020_asn.fits', 'ASN_TAB');
INSERT INTO reference_file(name, type) VALUES ('m7p16110o_dsp.fits', 'DISPTAB');
INSERT INTO reference_file(name, type) VALUES ('lc7003030_asn.fits', 'ASN_TAB');
INSERT INTO reference_file(name, type) VALUES ('hcm14407o_bpx.fits', 'BPIXTAB');
INSERT INTO reference_file(name, type) VALUES ('k8m09586o_exs.fits', 'EXSTAB');
INSERT INTO reference_file(name, type) VALUES ('h1v11475o_bpx.fits', 'BPIXTAB');
INSERT INTO reference_file(name, type) VALUES ('y2i1649no_imp.fits', 'IMPHTTAB');
INSERT INTO reference_file(name, type) VALUES ('lctg01010_asn.fits', 'ASN_TAB');
INSERT INTO reference_file(name, type) VALUES ('16j1600bo_sdc.fits', 'SDCTAB');
INSERT INTO reference_file(name, type) VALUES ('q591955ro_drk.fits', 'DARKFILE');
INSERT INTO reference_file(name, type) VALUES ('lc7002050_asn.fits', 'ASN_TAB');
INSERT INTO reference_file(name, type) VALUES ('y2r16004o_pct.fits', 'PCTAB');
INSERT INTO reference_file(name, type) VALUES ('16j1600do_ccd.fits', 'CCDTAB');
INSERT INTO reference_file(name, type) VALUES ('obrz05030_asn.fits', 'ASN_TAB');
INSERT INTO reference_file(name, type) VALUES ('n7p1031qo_1dx.fits', 'XTRACTAB');
INSERT INTO reference_file(name, type) VALUES ('lc7001030_asn.fits', 'ASN_TAB');
INSERT INTO reference_file(name, type) VALUES ('lc7003020_asn.fits', 'ASN_TAB');
INSERT INTO reference_file(name, type) VALUES ('v2s21472o_bpx.fits', 'BPIXTAB');
INSERT INTO reference_file(name, type) VALUES ('0561933ll_tds.fits', 'TDSTAB');
INSERT INTO reference_file(name, type) VALUES ('p822207no_pht.fits', 'PHOTTAB');
INSERT INTO reference_file(name, type) VALUES ('lc7004050_asn.fits', 'ASN_TAB');
INSERT INTO reference_file(name, type) VALUES ('lc7005050_asn.fits', 'ASN_TAB');
INSERT INTO reference_file(name, type) VALUES ('h1v1541eo_iac.fits', 'INANGTAB');
INSERT INTO reference_file(name, type) VALUES ('uce15153o_bpx.fits', 'BPIXTAB');
INSERT INTO reference_file(name, type) VALUES ('obm1723lo_sdc.fits', 'SDCTAB');
INSERT INTO reference_file(name, type) VALUES ('m7p16111o_dsp.fits', 'DISPTAB');
INSERT INTO reference_file(name, type) VALUES ('o64m01030_asn.fits', 'ASN_TAB');
INSERT INTO reference_file(name, type) VALUES ('u1t1616ql_wcp.fits', 'WCPTAB');
INSERT INTO reference_file(name, type) VALUES ('15o1440ro_pht.fits', 'PHOTTAB');
INSERT INTO reference_file(name, type) VALUES ('obm1723po_sdc.fits', 'SDCTAB');
INSERT INTO reference_file(name, type) VALUES ('q8l14504o_1dt.fits', 'SPTRCTAB');
INSERT INTO reference_file(name, type) VALUES ('yae1249sl_bpix.fits', 'BPIXTAB');
INSERT INTO reference_file(name, type) VALUES ('16j1600co_wcp.fits', 'WCPTAB');
INSERT INTO reference_file(name, type) VALUES ('o57315040_asn.fits', 'ASN_TAB');
INSERT INTO reference_file(name, type) VALUES ('k1k1319qo_bia.fits', 'BIASFILE');
INSERT INTO reference_file(name, type) VALUES ('lc7002010_asn.fits', 'ASN_TAB');
INSERT INTO reference_file(name, type) VALUES ('qb319513o_pht.fits', 'PHOTTAB');
INSERT INTO reference_file(name, type) VALUES ('lc7001010_asn.fits', 'ASN_TAB');
INSERT INTO reference_file(name, type) VALUES ('lc7005030_asn.fits', 'ASN_TAB');
INSERT INTO reference_file(name, type) VALUES ('16j1600eo_ccd.fits', 'CCDTAB');
INSERT INTO reference_file(name, type) VALUES ('k8m0958ho_tel.fits', 'TELTAB');
INSERT INTO reference_file(name, type) VALUES ('lc7005010_asn.fits', 'ASN_TAB');
INSERT INTO reference_file(name, type) VALUES ('j3m1403io_crr.fits', 'CRREJTAB');
INSERT INTO reference_file(name, type) VALUES ('16j16006o_sdc.fits', 'SDCTAB');
INSERT INTO reference_file(name, type) VALUES ('lctg02010_asn.fits', 'ASN_TAB');
INSERT INTO reference_file(name, type) VALUES ('q541740po_pct.fits', 'PCTAB');
INSERT INTO reference_file(name, type) VALUES ('l3m1437to_1dx.fits', 'XTRACTAB');
INSERT INTO reference_file(name, type) VALUES ('q591955so_tdc.fits', 'TDCTAB');
INSERT INTO reference_file(name, type) VALUES ('13a1941fo_tds.fits', 'TDSTAB');
INSERT INTO reference_file(name, type) VALUES ('o64m01010_asn.fits', 'ASN_TAB');
INSERT INTO reference_file(name, type) VALUES ('q4a1311fo_ccd.fits', 'CCDTAB');
INSERT INTO reference_file(name, type) VALUES ('k8m0958eo_hal.fits', 'HALOTAB');
INSERT INTO reference_file(name, type) VALUES ('zas1615jl_spot.fits', 'SPOTTAB');
INSERT INTO reference_file(name, type) VALUES ('l3m1437ro_iac.fits', 'INANGTAB');
INSERT INTO reference_file(name, type) VALUES ('05213364o_drk.fits', 'DARKFILE');
INSERT INTO reference_file(name, type) VALUES ('x1u1459il_brf.fits', 'BRFTAB');
INSERT INTO reference_file(name, type) VALUES ('obrz04040_asn.fits', 'ASN_TAB');
INSERT INTO reference_file(name, type) VALUES ('x6417096o_pfl.fits', 'PFLTFILE');
INSERT INTO reference_file(name, type) VALUES ('1811831fl_spwcs.fits', 'SPWCSTAB');
INSERT INTO reference_file(name, type) VALUES ('13a1941eo_tds.fits', 'TDSTAB');
INSERT INTO reference_file(name, type) VALUES ('k8m09584o_cds.fits', 'CDSTAB');
INSERT INTO reference_file(name, type) VALUES ('pcc2026jo_lfl.fits', 'LFLTFILE');
INSERT INTO reference_file(name, type) VALUES ('lc7004030_asn.fits', 'ASN_TAB');
INSERT INTO reference_file(name, type) VALUES ('y2r16007o_pct.fits', 'PCTAB');
INSERT INTO reference_file(name, type) VALUES ('l421050oo_lmp.fits', 'LAMPTAB');
INSERT INTO reference_file(name, type) VALUES ('q541740lo_pct.fits', 'PCTAB');
INSERT INTO reference_file(name, type) VALUES ('lc7005020_asn.fits', 'ASN_TAB');
INSERT INTO reference_file(name, type) VALUES ('qa31608go_1dt.fits', 'SPTRCTAB');
INSERT INTO reference_file(name, type) VALUES ('o64m01020_asn.fits', 'ASN_TAB');
INSERT INTO reference_file(name, type) VALUES ('s7g1700gl_dead.fits', 'DEADTAB');
INSERT INTO reference_file(name, type) VALUES ('k8m0958ao_tel.fits', 'TELTAB');
INSERT INTO reference_file(name, type) VALUES ('1811827rl_lamp.fits', 'LAMPTAB');
INSERT INTO reference_file(name, type) VALUES ('lc7001040_asn.fits', 'ASN_TAB');
INSERT INTO reference_file(name, type) VALUES ('13a1941go_tds.fits', 'TDSTAB');
INSERT INTO reference_file(name, type) VALUES ('14o2013ql_xwalk.fits', 'XWLKFILE');
INSERT INTO reference_file(name, type) VALUES ('lc7006030_asn.fits', 'ASN_TAB');
INSERT INTO reference_file(name, type) VALUES ('14o2013rl_ywalk.fits', 'YWLKFILE');
INSERT INTO reference_file(name, type) VALUES ('k8m0958go_srw.fits', 'SRWTAB');
INSERT INTO reference_file(name, type) VALUES ('y2r16006o_pct.fits', 'PCTAB');
INSERT INTO reference_file(name, type) VALUES ('o481727ao_lfl.fits', 'LFLTFILE');
INSERT INTO reference_file(name, type) VALUES ('h4s1350ko_moc.fits', 'MOFFTAB');
INSERT INTO reference_file(name, type) VALUES ('o64m01050_asn.fits', 'ASN_TAB');
INSERT INTO reference_file(name, type) VALUES ('x6417095o_pfl.fits', 'PFLTFILE');
INSERT INTO reference_file(name, type) VALUES ('xaf1519so_tdc.fits', 'TDCTAB');
INSERT INTO reference_file(name, type) VALUES ('w2g1626jo_drk.fits', 'DARKFILE');
INSERT INTO reference_file(name, type) VALUES ('q9s1550jo_tds.fits', 'TDSTAB');
INSERT INTO reference_file(name, type) VALUES ('lc7004020_asn.fits', 'ASN_TAB');
INSERT INTO reference_file(name, type) VALUES ('w2g1626co_bia.fits', 'BIASFILE');
INSERT INTO reference_file(name, type) VALUES ('vb816447o_rip.fits', 'RIPTAB');
INSERT INTO reference_file(name, type) VALUES ('k2910265o_pfl.fits', 'PFLTFILE');
INSERT INTO reference_file(name, type) VALUES ('x6417094o_pfl.fits', 'PFLTFILE');
INSERT INTO reference_file(name, type) VALUES ('q541740qo_pct.fits', 'PCTAB');
INSERT INTO reference_file(name, type) VALUES ('vb816448o_pht.fits', 'PHOTTAB');
INSERT INTO reference_file(name, type) VALUES ('o64m01040_asn.fits', 'ASN_TAB');
INSERT INTO reference_file(name, type) VALUES ('lc7004040_asn.fits', 'ASN_TAB');
INSERT INTO reference_file(name, type) VALUES ('w2g1626fo_bia.fits', 'BIASFILE');
INSERT INTO reference_file(name, type) VALUES ('lc7006020_asn.fits', 'ASN_TAB');
INSERT INTO reference_file(name, type) VALUES ('y2r1559to_apt.fits', 'APERTAB');
INSERT INTO reference_file(name, type) VALUES ('lc7004010_asn.fits', 'ASN_TAB');
INSERT INTO reference_file(name, type) VALUES ('obrz05010_asn.fits', 'ASN_TAB');
INSERT INTO reference_file(name, type) VALUES ('obrz04010_asn.fits', 'ASN_TAB');
INSERT INTO reference_file(name, type) VALUES ('k8m0958do_exs.fits', 'EXSTAB');
INSERT INTO reference_file(name, type) VALUES ('lc7002030_asn.fits', 'ASN_TAB');
INSERT INTO reference_file(name, type) VALUES ('obrz04020_asn.fits', 'ASN_TAB');
INSERT INTO reference_file(name, type) VALUES ('lc7003050_asn.fits', 'ASN_TAB');
INSERT INTO reference_file(name, type) VALUES ('k8m09589o_srw.fits', 'SRWTAB');
INSERT INTO reference_file(name, type) VALUES ('lc7006050_asn.fits', 'ASN_TAB');
INSERT INTO reference_file(name, type) VALUES ('x6q17586l_1dx.fits', 'XTRACTAB');
INSERT INTO reference_file(name, type) VALUES ('q541740no_pct.fits', 'PCTAB');
INSERT INTO reference_file(name, type) VALUES ('16j1600ao_sdc.fits', 'SDCTAB');
INSERT INTO reference_file(name, type) VALUES ('mbj1658bo_pfl.fits', 'PFLTFILE');
INSERT INTO reference_file(name, type) VALUES ('0561933jl_phot.fits', 'FLUXTAB');
INSERT INTO reference_file(name, type) VALUES ('lc7003010_asn.fits', 'ASN_TAB');
INSERT INTO reference_file(name, type) VALUES ('q8l14502o_1dt.fits', 'SPTRCTAB');
INSERT INTO reference_file(name, type) VALUES ('p9r19203o_gac.fits', 'GACTAB');
INSERT INTO reference_file(name, type) VALUES ('n2o1817fo_pct.fits', 'PCTAB');
INSERT INTO reference_file(name, type) VALUES ('tcl1742bo_drk.fits', 'DARKFILE');
INSERT INTO reference_file(name, type) VALUES ('pcc2026io_lfl.fits', 'LFLTFILE');
INSERT INTO reference_file(name, type) VALUES ('zbn1927fl_gsag.fits', 'GSAGTAB');
INSERT INTO reference_file(name, type) VALUES ('h5s11397o_iac.fits', 'INANGTAB');
INSERT INTO reference_file(name, type) VALUES ('obrz05020_asn.fits', 'ASN_TAB');
INSERT INTO reference_file(name, type) VALUES ('k8m0958co_ech.fits', 'ECHSCTAB');
INSERT INTO reference_file(name, type) VALUES ('obrz04030_asn.fits', 'ASN_TAB');
INSERT INTO reference_file(name, type) VALUES ('ycj1846tl_tds.fits', 'TDSTAB');
INSERT INTO reference_file(name, type) VALUES ('j9r16559o_lin.fits', 'MLINTAB');
INSERT INTO reference_file(name, type) VALUES ('n7p10323o_1dx.fits', 'XTRACTAB');
INSERT INTO reference_file(name, type) VALUES ('l2j0137to_dsp.fits', 'DISPTAB');
INSERT INTO reference_file(name, type) VALUES ('n7p1032ao_apt.fits', 'APERTAB');
INSERT INTO reference_file(name, type) VALUES ('lag1815lo_wcp.fits', 'WCPTAB');
INSERT INTO reference_file(name, type) VALUES ('lc7005040_asn.fits', 'ASN_TAB');
INSERT INTO reference_file(name, type) VALUES ('lc7002040_asn.fits', 'ASN_TAB');
INSERT INTO reference_file(name, type) VALUES ('h4s1350io_moc.fits', 'MOFFTAB');
INSERT INTO reference_file(name, type) VALUES ('16j16005o_apd.fits', 'APDESTAB');
INSERT INTO reference_file(name, type) VALUES ('xab1551cl_flat.fits', 'FLATFILE');
INSERT INTO reference_file(name, type) VALUES ('q9s1550lo_tds.fits', 'TDSTAB');
INSERT INTO reference_file(name, type) VALUES ('obrz04050_asn.fits', 'ASN_TAB');
INSERT INTO reference_file(name, type) VALUES ('k8m0958fo_rip.fits', 'RIPTAB');
INSERT INTO reference_file(name, type) VALUES ('k8m09587o_hal.fits', 'HALOTAB');
INSERT INTO reference_file(name, type) VALUES ('k1k1319ho_drk.fits', 'DARKFILE');
INSERT INTO reference_file(name, type) VALUES ('lcl11075o_drk.fits', 'DARKFILE');
INSERT INTO reference_file(name, type) VALUES ('ocy5170d0_asn.fits', 'ASN_TAB');
INSERT INTO reference_file(name, type) VALUES ('lc7001050_asn.fits', 'ASN_TAB');

CREATE TABLE applies_to (
  obs CHAR(9) REFERENCES exposure (rootname),
  ref VARCHAR(30) REFERENCES reference_file (name)
);

INSERT INTO applies_to(obs, ref) VALUES ('lctg02ieq', 's7g1700gl_dead.fits');
INSERT INTO applies_to(obs, ref) VALUES ('lc7006iuq', '14o2013rl_ywalk.fits');
INSERT INTO applies_to(obs, ref) VALUES ('obrz04010', 'h1v11475o_bpx.fits');
INSERT INTO applies_to(obs, ref) VALUES ('lc7002cpq', 'zbn1927gl_gsag.fits');
INSERT INTO applies_to(obs, ref) VALUES ('lc7003a6q', 's7g1700gl_dead.fits');
INSERT INTO applies_to(obs, ref) VALUES ('lc7004k6q', 'xab1551cl_flat.fits');
INSERT INTO applies_to(obs, ref) VALUES ('ocy517goq', '13a1941eo_tds.fits');
INSERT INTO applies_to(obs, ref) VALUES ('lc7002cvq', '14o2013ql_xwalk.fits');
INSERT INTO applies_to(obs, ref) VALUES ('lc7003acq', 'wc318317l_pha.fits');
INSERT INTO applies_to(obs, ref) VALUES ('lc7004kbq', 'lc7004030_asn.fits');
INSERT INTO applies_to(obs, ref) VALUES ('lc7005xkq', '1811827rl_lamp.fits');
INSERT INTO applies_to(obs, ref) VALUES ('lc7001b1q', '1811827rl_lamp.fits');
INSERT INTO applies_to(obs, ref) VALUES ('lc7004k6q', 'zas1615jl_spot.fits');
INSERT INTO applies_to(obs, ref) VALUES ('lc7003aeq', '0bn1606sl_disp.fits');
INSERT INTO applies_to(obs, ref) VALUES ('lc7001b5q', 'u1t1616ql_wcp.fits');
INSERT INTO applies_to(obs, ref) VALUES ('lc7004k2q', 's7g1700gl_dead.fits');
INSERT INTO applies_to(obs, ref) VALUES ('lc7004k9q', 'zbn1927gl_gsag.fits');
INSERT INTO applies_to(obs, ref) VALUES ('ocy5170d0', 'h5s11397o_iac.fits');
INSERT INTO applies_to(obs, ref) VALUES ('lc7003a8q', 'x6q17586l_1dx.fits');
INSERT INTO applies_to(obs, ref) VALUES ('lc7003aaq', '1811831fl_spwcs.fits');
INSERT INTO applies_to(obs, ref) VALUES ('obrz05010', 'k8m09587o_hal.fits');
INSERT INTO applies_to(obs, ref) VALUES ('lc7001azq', 'x1u1459il_brf.fits');
INSERT INTO applies_to(obs, ref) VALUES ('lc7002d1q', 'x6q17586l_1dx.fits');
INSERT INTO applies_to(obs, ref) VALUES ('lc7002cvq', 'xab1551cl_flat.fits');
INSERT INTO applies_to(obs, ref) VALUES ('o57315040', 'h1v11475o_bpx.fits');
INSERT INTO applies_to(obs, ref) VALUES ('lc7001arq', 'wc318317l_pha.fits');
INSERT INTO applies_to(obs, ref) VALUES ('ocy517gpq', 'q541740no_pct.fits');
INSERT INTO applies_to(obs, ref) VALUES ('o64m01050', 'k8m0958ho_tel.fits');
INSERT INTO applies_to(obs, ref) VALUES ('lc7004k2q', 'x6q17586l_1dx.fits');
INSERT INTO applies_to(obs, ref) VALUES ('lc7001b3q', 'xab1551cl_flat.fits');
INSERT INTO applies_to(obs, ref) VALUES ('lc7006idq', '0561933ll_tds.fits');
INSERT INTO applies_to(obs, ref) VALUES ('lc7002cpq', 'lc7002010_asn.fits');
INSERT INTO applies_to(obs, ref) VALUES ('ocy517gqq', '16j1600do_ccd.fits');
INSERT INTO applies_to(obs, ref) VALUES ('lc7005ylq', 'u1t1616ql_wcp.fits');
INSERT INTO applies_to(obs, ref) VALUES ('obrz04020', 'l2j0137to_dsp.fits');
INSERT INTO applies_to(obs, ref) VALUES ('lc7005yqq', 'zbn1927gl_gsag.fits');
INSERT INTO applies_to(obs, ref) VALUES ('obrz04020', 'x6417095o_pfl.fits');
INSERT INTO applies_to(obs, ref) VALUES ('lc7003agq', '1811831fl_spwcs.fits');
INSERT INTO applies_to(obs, ref) VALUES ('lc7002czq', 'lc7002050_asn.fits');
INSERT INTO applies_to(obs, ref) VALUES ('lc7001b5q', 'xab1551cl_flat.fits');
INSERT INTO applies_to(obs, ref) VALUES ('ocy517gkq', '16j1600co_wcp.fits');
INSERT INTO applies_to(obs, ref) VALUES ('lc7006igq', 'x6q17586l_1dx.fits');
INSERT INTO applies_to(obs, ref) VALUES ('lc7001atq', 'yae1249sl_bpix.fits');
INSERT INTO applies_to(obs, ref) VALUES ('lc7006i6q', 'x1u1459gl_geo.fits');
INSERT INTO applies_to(obs, ref) VALUES ('o64m01030', 'm7p16111o_dsp.fits');
INSERT INTO applies_to(obs, ref) VALUES ('lctg02ieq', 'lctg02010_asn.fits');
INSERT INTO applies_to(obs, ref) VALUES ('lc7004kbq', 'yae1249sl_bpix.fits');
INSERT INTO applies_to(obs, ref) VALUES ('obrz05010', 'k8m09584o_cds.fits');
INSERT INTO applies_to(obs, ref) VALUES ('lc7001atq', '0561933jl_phot.fits');
INSERT INTO applies_to(obs, ref) VALUES ('lctg02hiq', 'yae1249sl_bpix.fits');
INSERT INTO applies_to(obs, ref) VALUES ('lc7003aiq', 'x1u1459il_brf.fits');
INSERT INTO applies_to(obs, ref) VALUES ('lc7003a6q', 'x1u1459gl_geo.fits');
INSERT INTO applies_to(obs, ref) VALUES ('lc7006i6q', 'zbn1927gl_gsag.fits');
INSERT INTO applies_to(obs, ref) VALUES ('lc7006ixq', 'x6q17586l_1dx.fits');
INSERT INTO applies_to(obs, ref) VALUES ('lc7003aiq', 'wc318317l_pha.fits');
INSERT INTO applies_to(obs, ref) VALUES ('lc7003acq', '14o2013ql_xwalk.fits');
INSERT INTO applies_to(obs, ref) VALUES ('lc7005xkq', 's7g1700gl_dead.fits');
INSERT INTO applies_to(obs, ref) VALUES ('lc7002czq', 'x1u1459il_brf.fits');
INSERT INTO applies_to(obs, ref) VALUES ('lc7002ctq', 'x1u1459il_brf.fits');
INSERT INTO applies_to(obs, ref) VALUES ('obrz04030', 'n7p1031qo_1dx.fits');
INSERT INTO applies_to(obs, ref) VALUES ('obrz04020', '16j1600co_wcp.fits');
INSERT INTO applies_to(obs, ref) VALUES ('lc7003a6q', 'zbn1927gl_gsag.fits');
INSERT INTO applies_to(obs, ref) VALUES ('ocy5170d0', 'n7p1031qo_1dx.fits');
INSERT INTO applies_to(obs, ref) VALUES ('o57315040', 'q9s1550jo_tds.fits');
INSERT INTO applies_to(obs, ref) VALUES ('ocy5170d0', 'x6417096o_pfl.fits');
INSERT INTO applies_to(obs, ref) VALUES ('ocy517giq', '05213364o_drk.fits');
INSERT INTO applies_to(obs, ref) VALUES ('lc7003a6q', 'xab1551cl_flat.fits');
INSERT INTO applies_to(obs, ref) VALUES ('lc7001b5q', 'zbn1927gl_gsag.fits');
INSERT INTO applies_to(obs, ref) VALUES ('obrz05020', 'k8m0958eo_hal.fits');
INSERT INTO applies_to(obs, ref) VALUES ('lctg01j6q', 'zas1615jl_spot.fits');
INSERT INTO applies_to(obs, ref) VALUES ('o64m01030', 'k8m0958fo_rip.fits');
INSERT INTO applies_to(obs, ref) VALUES ('lc7003a6q', 'yae1249sl_bpix.fits');
INSERT INTO applies_to(obs, ref) VALUES ('lctg01k5q', '14o2013ql_xwalk.fits');
INSERT INTO applies_to(obs, ref) VALUES ('lc7006ibq', 'yae1249sl_bpix.fits');
INSERT INTO applies_to(obs, ref) VALUES ('lc7005xkq', 'yae1249sl_bpix.fits');
INSERT INTO applies_to(obs, ref) VALUES ('lc7001b5q', 'yae1249sl_bpix.fits');
INSERT INTO applies_to(obs, ref) VALUES ('lc7004k6q', '0561933jl_phot.fits');
INSERT INTO applies_to(obs, ref) VALUES ('lc7002d1q', 'zas1615jl_spot.fits');
INSERT INTO applies_to(obs, ref) VALUES ('ocy5170d0', '16j1600do_ccd.fits');
INSERT INTO applies_to(obs, ref) VALUES ('o64m01010', 'obm1723ro_apd.fits');
INSERT INTO applies_to(obs, ref) VALUES ('ocy5170d0', 'ocy5170d0_asn.fits');
INSERT INTO applies_to(obs, ref) VALUES ('ocy517gjq', 'p9r19203o_gac.fits');
INSERT INTO applies_to(obs, ref) VALUES ('lc7006isq', 'xab1551cl_flat.fits');
INSERT INTO applies_to(obs, ref) VALUES ('lc7004k2q', 'xab1551cl_flat.fits');
INSERT INTO applies_to(obs, ref) VALUES ('o57315040', 'k2910265o_pfl.fits');
INSERT INTO applies_to(obs, ref) VALUES ('lc7003aaq', '14o2013ql_xwalk.fits');
INSERT INTO applies_to(obs, ref) VALUES ('o57315040', 'h5s11397o_iac.fits');
INSERT INTO applies_to(obs, ref) VALUES ('lc7001b5q', '0bn1606sl_disp.fits');
INSERT INTO applies_to(obs, ref) VALUES ('ocy517gjq', 'h1v11475o_bpx.fits');
INSERT INTO applies_to(obs, ref) VALUES ('lctg02ijq', '1811831fl_spwcs.fits');
INSERT INTO applies_to(obs, ref) VALUES ('o64m01030', 'n2o1817fo_pct.fits');
INSERT INTO applies_to(obs, ref) VALUES ('lc7001arq', 'x1u1459gl_geo.fits');
INSERT INTO applies_to(obs, ref) VALUES ('lc7002cpq', '0bn1606sl_disp.fits');
INSERT INTO applies_to(obs, ref) VALUES ('lc7003a6q', '1811827rl_lamp.fits');
INSERT INTO applies_to(obs, ref) VALUES ('ocy517gkq', 'pcc2026io_lfl.fits');
INSERT INTO applies_to(obs, ref) VALUES ('ocy517gjq', 'qa31608go_1dt.fits');
INSERT INTO applies_to(obs, ref) VALUES ('lc7005yjq', 'lc7005030_asn.fits');
INSERT INTO applies_to(obs, ref) VALUES ('lc7002cnq', 'wc318317l_pha.fits');
INSERT INTO applies_to(obs, ref) VALUES ('lc7001b3q', 'u1t1616ql_wcp.fits');
INSERT INTO applies_to(obs, ref) VALUES ('o64m01020', 'k8m0958go_srw.fits');
INSERT INTO applies_to(obs, ref) VALUES ('lc7005xiq', 'x6q17586l_1dx.fits');
INSERT INTO applies_to(obs, ref) VALUES ('lc7003a4q', 'yae1249sl_bpix.fits');
INSERT INTO applies_to(obs, ref) VALUES ('lc7005xiq', '1811827rl_lamp.fits');
INSERT INTO applies_to(obs, ref) VALUES ('lc7006isq', '14o2013ql_xwalk.fits');
INSERT INTO applies_to(obs, ref) VALUES ('lc7005xiq', 'zbn1927gl_gsag.fits');
INSERT INTO applies_to(obs, ref) VALUES ('o64m01050', 'h4s1350ko_moc.fits');
INSERT INTO applies_to(obs, ref) VALUES ('obrz05010', 'k8m09589o_srw.fits');
INSERT INTO applies_to(obs, ref) VALUES ('lc7005ygq', 'zbn1927gl_gsag.fits');
INSERT INTO applies_to(obs, ref) VALUES ('o57315040', 'k1k1319ho_drk.fits');
INSERT INTO applies_to(obs, ref) VALUES ('lctg02ijq', 'x1u1459il_brf.fits');
INSERT INTO applies_to(obs, ref) VALUES ('lc7004koq', 'zbn1927gl_gsag.fits');
INSERT INTO applies_to(obs, ref) VALUES ('lc7001arq', 'zas1615jl_spot.fits');
INSERT INTO applies_to(obs, ref) VALUES ('o64m01030', 'q591955so_tdc.fits');
INSERT INTO applies_to(obs, ref) VALUES ('lc7006idq', 'yae1249sl_bpix.fits');
INSERT INTO applies_to(obs, ref) VALUES ('lc7003a6q', 'x1u1459il_brf.fits');
INSERT INTO applies_to(obs, ref) VALUES ('o64m01040', 'q8l14502o_1dt.fits');
INSERT INTO applies_to(obs, ref) VALUES ('ocy517gpq', '16j1600do_ccd.fits');
INSERT INTO applies_to(obs, ref) VALUES ('lc7002cpq', 'zas1615jl_spot.fits');
INSERT INTO applies_to(obs, ref) VALUES ('obrz05020', 'l3m1437to_1dx.fits');
INSERT INTO applies_to(obs, ref) VALUES ('lc7004k9q', 'yae1249sl_bpix.fits');
INSERT INTO applies_to(obs, ref) VALUES ('lc7003acq', 'zbn1927gl_gsag.fits');
INSERT INTO applies_to(obs, ref) VALUES ('ocy517gnq', 'p9r19203o_gac.fits');
INSERT INTO applies_to(obs, ref) VALUES ('obrz04050', 'obrz04050_asn.fits');
INSERT INTO applies_to(obs, ref) VALUES ('o64m01010', 'h4s1350ko_moc.fits');
INSERT INTO applies_to(obs, ref) VALUES ('obrz05030', 'q8l14502o_1dt.fits');
INSERT INTO applies_to(obs, ref) VALUES ('lc7002cpq', 'xab1551cl_flat.fits');
INSERT INTO applies_to(obs, ref) VALUES ('obrz05010', 'y2r16004o_pct.fits');
INSERT INTO applies_to(obs, ref) VALUES ('o64m01030', 'o64m01030_asn.fits');
INSERT INTO applies_to(obs, ref) VALUES ('lc7005xkq', '0561933jl_phot.fits');
INSERT INTO applies_to(obs, ref) VALUES ('o64m01010', 'k8m0958do_exs.fits');
INSERT INTO applies_to(obs, ref) VALUES ('ocy517giq', 'qa31608go_1dt.fits');
INSERT INTO applies_to(obs, ref) VALUES ('lc7002cxq', 'zas1615jl_spot.fits');
INSERT INTO applies_to(obs, ref) VALUES ('lc7005ygq', 'xab1551cl_flat.fits');
INSERT INTO applies_to(obs, ref) VALUES ('ocy517gqq', 'n7p1031qo_1dx.fits');
INSERT INTO applies_to(obs, ref) VALUES ('lc7001arq', 'x1u1459il_brf.fits');
INSERT INTO applies_to(obs, ref) VALUES ('lc7006iuq', '0561933jl_phot.fits');
INSERT INTO applies_to(obs, ref) VALUES ('lc7006j7q', 'wc318317l_pha.fits');
INSERT INTO applies_to(obs, ref) VALUES ('lc7003a4q', 'xab1551cl_flat.fits');
INSERT INTO applies_to(obs, ref) VALUES ('ocy5170d0', 'q541740po_pct.fits');
INSERT INTO applies_to(obs, ref) VALUES ('ocy517gpq', '05213364o_drk.fits');
INSERT INTO applies_to(obs, ref) VALUES ('obrz05010', 'h1v1541eo_iac.fits');
INSERT INTO applies_to(obs, ref) VALUES ('lctg01k5q', 'wc318317l_pha.fits');
INSERT INTO applies_to(obs, ref) VALUES ('lc7006ixq', 'lc7006050_asn.fits');
INSERT INTO applies_to(obs, ref) VALUES ('o64m01020', 'k8m0958fo_rip.fits');
INSERT INTO applies_to(obs, ref) VALUES ('lc7005xkq', '14o2013rl_ywalk.fits');
INSERT INTO applies_to(obs, ref) VALUES ('ocy517glq', 'p9r19203o_gac.fits');
INSERT INTO applies_to(obs, ref) VALUES ('o64m01010', 'm7p16111o_dsp.fits');
INSERT INTO applies_to(obs, ref) VALUES ('lc7001axq', 'yae1249sl_bpix.fits');
INSERT INTO applies_to(obs, ref) VALUES ('obrz04050', '13a1941eo_tds.fits');
INSERT INTO applies_to(obs, ref) VALUES ('ocy517gkq', 'x6417092o_pfl.fits');
INSERT INTO applies_to(obs, ref) VALUES ('lc7002d1q', '0bn1606sl_disp.fits');
INSERT INTO applies_to(obs, ref) VALUES ('lc7002czq', 'x1u1459gl_geo.fits');
INSERT INTO applies_to(obs, ref) VALUES ('o64m01020', 'lcl11075o_drk.fits');
INSERT INTO applies_to(obs, ref) VALUES ('lctg02i9q', 'xab1551cl_flat.fits');
INSERT INTO applies_to(obs, ref) VALUES ('lc7005ygq', 'x1u1459il_brf.fits');
INSERT INTO applies_to(obs, ref) VALUES ('lctg02hiq', 'x6q17586l_1dx.fits');
INSERT INTO applies_to(obs, ref) VALUES ('ocy517goq', 'y2i1649no_imp.fits');
INSERT INTO applies_to(obs, ref) VALUES ('lc7005yjq', '0561933jl_phot.fits');
INSERT INTO applies_to(obs, ref) VALUES ('lc7004kgq', 'x1u1459il_brf.fits');
INSERT INTO applies_to(obs, ref) VALUES ('o64m01040', 'lag1815lo_wcp.fits');
INSERT INTO applies_to(obs, ref) VALUES ('lctg02i9q', 'zas1615jl_spot.fits');
INSERT INTO applies_to(obs, ref) VALUES ('lc7002ctq', 'u1t1616ql_wcp.fits');
INSERT INTO applies_to(obs, ref) VALUES ('lc7004kgq', '0561933jl_phot.fits');
INSERT INTO applies_to(obs, ref) VALUES ('lc7001atq', 'x1u1459il_brf.fits');
INSERT INTO applies_to(obs, ref) VALUES ('o64m01020', 'h5s1140ko_lfl.fits');
INSERT INTO applies_to(obs, ref) VALUES ('lc7002cxq', 'yae1249sl_bpix.fits');
INSERT INTO applies_to(obs, ref) VALUES ('lc7006j7q', '0561933jl_phot.fits');
INSERT INTO applies_to(obs, ref) VALUES ('ocy517gnq', '0521335lo_bia.fits');
INSERT INTO applies_to(obs, ref) VALUES ('o64m01050', 'm7p16111o_dsp.fits');
INSERT INTO applies_to(obs, ref) VALUES ('ocy517gnq', '16j16005o_apd.fits');
INSERT INTO applies_to(obs, ref) VALUES ('lctg01k5q', 'ycj1846tl_tds.fits');
INSERT INTO applies_to(obs, ref) VALUES ('lc7003a8q', 'yae1249sl_bpix.fits');
INSERT INTO applies_to(obs, ref) VALUES ('o64m01010', 'k8m0958go_srw.fits');
INSERT INTO applies_to(obs, ref) VALUES ('lctg01k1q', '1811827rl_lamp.fits');
INSERT INTO applies_to(obs, ref) VALUES ('obrz04010', 'j3m1403io_crr.fits');
INSERT INTO applies_to(obs, ref) VALUES ('lc7002crq', 'x1u1459il_brf.fits');
INSERT INTO applies_to(obs, ref) VALUES ('lc7002cpq', 'yae1249sl_bpix.fits');
INSERT INTO applies_to(obs, ref) VALUES ('lctg02i9q', 'x1u1459gl_geo.fits');
INSERT INTO applies_to(obs, ref) VALUES ('lc7006i6q', 'xab1551cl_flat.fits');
INSERT INTO applies_to(obs, ref) VALUES ('lc7006ibq', '14o2013rl_ywalk.fits');
INSERT INTO applies_to(obs, ref) VALUES ('lc7004k9q', '0561933ll_tds.fits');
INSERT INTO applies_to(obs, ref) VALUES ('obrz05020', 'obrz05020_asn.fits');
INSERT INTO applies_to(obs, ref) VALUES ('lc7002czq', '0bn1606sl_disp.fits');
INSERT INTO applies_to(obs, ref) VALUES ('lc7004k9q', '14o2013rl_ywalk.fits');
INSERT INTO applies_to(obs, ref) VALUES ('o64m01050', 'obm1723po_sdc.fits');
INSERT INTO applies_to(obs, ref) VALUES ('o64m01010', 'o64m01010_asn.fits');
INSERT INTO applies_to(obs, ref) VALUES ('lc7004kgq', 'u1t1616ql_wcp.fits');
INSERT INTO applies_to(obs, ref) VALUES ('lc7004k4q', 'wc318317l_pha.fits');
INSERT INTO applies_to(obs, ref) VALUES ('ocy5170d0', '05213364o_drk.fits');
INSERT INTO applies_to(obs, ref) VALUES ('lc7003aeq', 'lc7003040_asn.fits');
INSERT INTO applies_to(obs, ref) VALUES ('o64m01030', 'qb319513o_pht.fits');
INSERT INTO applies_to(obs, ref) VALUES ('lc7004k9q', '1811831fl_spwcs.fits');
INSERT INTO applies_to(obs, ref) VALUES ('o64m01040', 'o64m01040_asn.fits');
INSERT INTO applies_to(obs, ref) VALUES ('lc7003a8q', 'xab1551cl_flat.fits');
INSERT INTO applies_to(obs, ref) VALUES ('lc7005ygq', 'x1u1459gl_geo.fits');
INSERT INTO applies_to(obs, ref) VALUES ('lc7002cnq', 'lc7002010_asn.fits');
INSERT INTO applies_to(obs, ref) VALUES ('obrz05010', '16j1600ao_sdc.fits');
INSERT INTO applies_to(obs, ref) VALUES ('o64m01050', 'mbj1658do_pfl.fits');
INSERT INTO applies_to(obs, ref) VALUES ('ocy517gqq', 'x6417096o_pfl.fits');
INSERT INTO applies_to(obs, ref) VALUES ('lc7003a4q', '1811827rl_lamp.fits');
INSERT INTO applies_to(obs, ref) VALUES ('lc7002cvq', '0561933jl_phot.fits');
INSERT INTO applies_to(obs, ref) VALUES ('ocy517goq', '16j1600co_wcp.fits');
INSERT INTO applies_to(obs, ref) VALUES ('lc7006i6q', 'yae1249sl_bpix.fits');
INSERT INTO applies_to(obs, ref) VALUES ('lc7002czq', 'yae1249sl_bpix.fits');
INSERT INTO applies_to(obs, ref) VALUES ('lc7001arq', '1811827rl_lamp.fits');
INSERT INTO applies_to(obs, ref) VALUES ('lc7006i6q', '0bn1606sl_disp.fits');
INSERT INTO applies_to(obs, ref) VALUES ('lc7005ygq', '1811827rl_lamp.fits');
INSERT INTO applies_to(obs, ref) VALUES ('lc7006i6q', '1811827rl_lamp.fits');
INSERT INTO applies_to(obs, ref) VALUES ('lctg02irq', 'zbn1927fl_gsag.fits');
INSERT INTO applies_to(obs, ref) VALUES ('o64m01030', 'n7p1032ao_apt.fits');
INSERT INTO applies_to(obs, ref) VALUES ('lc7003a6q', 'lc7003010_asn.fits');
INSERT INTO applies_to(obs, ref) VALUES ('o64m01050', 'h5s1140ko_lfl.fits');
INSERT INTO applies_to(obs, ref) VALUES ('lctg01k1q', 'ycj1846tl_tds.fits');
INSERT INTO applies_to(obs, ref) VALUES ('lc7002czq', 'zbn1927gl_gsag.fits');
INSERT INTO applies_to(obs, ref) VALUES ('lc7006idq', '14o2013rl_ywalk.fits');
INSERT INTO applies_to(obs, ref) VALUES ('lc7001b1q', '1811831fl_spwcs.fits');
INSERT INTO applies_to(obs, ref) VALUES ('lc7004k2q', 'lc7004010_asn.fits');
INSERT INTO applies_to(obs, ref) VALUES ('ocy517gqq', 'y2i1649no_imp.fits');
INSERT INTO applies_to(obs, ref) VALUES ('obrz04050', 'y2i1649no_imp.fits');
INSERT INTO applies_to(obs, ref) VALUES ('lc7006j7q', '0561933ll_tds.fits');
INSERT INTO applies_to(obs, ref) VALUES ('o64m01050', 'l3m1437ro_iac.fits');
INSERT INTO applies_to(obs, ref) VALUES ('lc7005yqq', '14o2013ql_xwalk.fits');
INSERT INTO applies_to(obs, ref) VALUES ('lc7003a6q', 'zas1615jl_spot.fits');
INSERT INTO applies_to(obs, ref) VALUES ('obrz04020', 'n7p1031qo_1dx.fits');
INSERT INTO applies_to(obs, ref) VALUES ('lc7003a8q', '14o2013rl_ywalk.fits');
INSERT INTO applies_to(obs, ref) VALUES ('lctg01kcq', '0561933jl_phot.fits');
INSERT INTO applies_to(obs, ref) VALUES ('lc7005ylq', '14o2013ql_xwalk.fits');
INSERT INTO applies_to(obs, ref) VALUES ('obrz05010', 'obrz05010_asn.fits');
INSERT INTO applies_to(obs, ref) VALUES ('lc7003aiq', '14o2013rl_ywalk.fits');
INSERT INTO applies_to(obs, ref) VALUES ('obrz05030', 'tcl1742bo_drk.fits');
INSERT INTO applies_to(obs, ref) VALUES ('lctg02ijq', '1811827rl_lamp.fits');
INSERT INTO applies_to(obs, ref) VALUES ('obrz04050', 'p822207no_pht.fits');
INSERT INTO applies_to(obs, ref) VALUES ('lctg01k1q', 'x1u1459gl_geo.fits');
INSERT INTO applies_to(obs, ref) VALUES ('lc7003acq', '0bn1606sl_disp.fits');
INSERT INTO applies_to(obs, ref) VALUES ('o64m01030', 'k8m0958co_ech.fits');
INSERT INTO applies_to(obs, ref) VALUES ('ocy517gmq', 'n7p1031qo_1dx.fits');
INSERT INTO applies_to(obs, ref) VALUES ('lc7002czq', 'xab1551cl_flat.fits');
INSERT INTO applies_to(obs, ref) VALUES ('ocy517gnq', 'h5s11397o_iac.fits');
INSERT INTO applies_to(obs, ref) VALUES ('lc7001arq', 'lc7001010_asn.fits');
INSERT INTO applies_to(obs, ref) VALUES ('lctg01k1q', '0bn1606sl_disp.fits');
INSERT INTO applies_to(obs, ref) VALUES ('ocy517gkq', 'n7p1031qo_1dx.fits');
INSERT INTO applies_to(obs, ref) VALUES ('lc7001azq', 'xab1551cl_flat.fits');
INSERT INTO applies_to(obs, ref) VALUES ('lctg01kcq', '14o2013ql_xwalk.fits');
INSERT INTO applies_to(obs, ref) VALUES ('lc7005xiq', 'x1u1459gl_geo.fits');
INSERT INTO applies_to(obs, ref) VALUES ('lc7004k2q', 'x1u1459gl_geo.fits');
INSERT INTO applies_to(obs, ref) VALUES ('lc7005yjq', '1811831fl_spwcs.fits');
INSERT INTO applies_to(obs, ref) VALUES ('lc7006isq', 'x1u1459gl_geo.fits');
INSERT INTO applies_to(obs, ref) VALUES ('lc7005yqq', 's7g1700gl_dead.fits');
INSERT INTO applies_to(obs, ref) VALUES ('lc7005yjq', 's7g1700gl_dead.fits');
INSERT INTO applies_to(obs, ref) VALUES ('lc7006j7q', '1811831fl_spwcs.fits');
INSERT INTO applies_to(obs, ref) VALUES ('ocy517gkq', 'qa31608go_1dt.fits');
INSERT INTO applies_to(obs, ref) VALUES ('ocy517giq', 'x6417092o_pfl.fits');
INSERT INTO applies_to(obs, ref) VALUES ('lc7006idq', 'lc7006020_asn.fits');
INSERT INTO applies_to(obs, ref) VALUES ('lc7004kbq', '1811831fl_spwcs.fits');
INSERT INTO applies_to(obs, ref) VALUES ('ocy517gqq', '05213364o_drk.fits');
INSERT INTO applies_to(obs, ref) VALUES ('obrz04040', 'h5s11397o_iac.fits');
INSERT INTO applies_to(obs, ref) VALUES ('obrz04040', 'j3m1403io_crr.fits');
INSERT INTO applies_to(obs, ref) VALUES ('lctg01j6q', 'u1t1616ql_wcp.fits');
INSERT INTO applies_to(obs, ref) VALUES ('lc7002czq', 'u1t1616ql_wcp.fits');
INSERT INTO applies_to(obs, ref) VALUES ('lc7005xiq', 'yae1249sl_bpix.fits');
INSERT INTO applies_to(obs, ref) VALUES ('ocy517gpq', 'pcc2026jo_lfl.fits');
INSERT INTO applies_to(obs, ref) VALUES ('lc7002cvq', 'zas1615jl_spot.fits');
INSERT INTO applies_to(obs, ref) VALUES ('o57315040', 'l2j0137to_dsp.fits');
INSERT INTO applies_to(obs, ref) VALUES ('lc7005xgq', 'zbn1927gl_gsag.fits');
INSERT INTO applies_to(obs, ref) VALUES ('lctg02ijq', 'ycj1846tl_tds.fits');
INSERT INTO applies_to(obs, ref) VALUES ('lctg01j6q', 's7g1700gl_dead.fits');
INSERT INTO applies_to(obs, ref) VALUES ('lc7005yjq', 'x6q17586l_1dx.fits');
INSERT INTO applies_to(obs, ref) VALUES ('lctg02ijq', '14o2013ql_xwalk.fits');
INSERT INTO applies_to(obs, ref) VALUES ('lctg02irq', 'xab1551cl_flat.fits');
INSERT INTO applies_to(obs, ref) VALUES ('o64m01020', 'qb319513o_pht.fits');
INSERT INTO applies_to(obs, ref) VALUES ('o64m01040', 'lcl11075o_drk.fits');
INSERT INTO applies_to(obs, ref) VALUES ('lc7005xgq', 'yae1249sl_bpix.fits');
INSERT INTO applies_to(obs, ref) VALUES ('lc7002cnq', '14o2013rl_ywalk.fits');
INSERT INTO applies_to(obs, ref) VALUES ('lctg02irq', 'zas1615jl_spot.fits');
INSERT INTO applies_to(obs, ref) VALUES ('lc7004koq', '0561933jl_phot.fits');
INSERT INTO applies_to(obs, ref) VALUES ('lc7004k6q', 'yae1249sl_bpix.fits');
INSERT INTO applies_to(obs, ref) VALUES ('lc7001b5q', 'zas1615jl_spot.fits');
INSERT INTO applies_to(obs, ref) VALUES ('lc7005ygq', '0bn1606sl_disp.fits');
INSERT INTO applies_to(obs, ref) VALUES ('obrz04040', '16j1600eo_ccd.fits');
INSERT INTO applies_to(obs, ref) VALUES ('lc7004keq', 'lc7004040_asn.fits');
INSERT INTO applies_to(obs, ref) VALUES ('obrz04040', '16j16005o_apd.fits');
INSERT INTO applies_to(obs, ref) VALUES ('obrz04030', 'w2g1626jo_drk.fits');
INSERT INTO applies_to(obs, ref) VALUES ('lc7004k4q', 'yae1249sl_bpix.fits');
INSERT INTO applies_to(obs, ref) VALUES ('obrz04040', 'y2i1649no_imp.fits');
INSERT INTO applies_to(obs, ref) VALUES ('lctg02ijq', '14o2013rl_ywalk.fits');
INSERT INTO applies_to(obs, ref) VALUES ('o64m01010', 'q591955so_tdc.fits');
INSERT INTO applies_to(obs, ref) VALUES ('obrz05020', 'k8m0958co_ech.fits');
INSERT INTO applies_to(obs, ref) VALUES ('lc7005ynq', 'yae1249sl_bpix.fits');
INSERT INTO applies_to(obs, ref) VALUES ('ocy517gqq', 'l2j0137to_dsp.fits');
INSERT INTO applies_to(obs, ref) VALUES ('obrz04050', 'n7p1031qo_1dx.fits');
INSERT INTO applies_to(obs, ref) VALUES ('lc7004koq', 'x1u1459il_brf.fits');
INSERT INTO applies_to(obs, ref) VALUES ('ocy517gqq', 'l421050oo_lmp.fits');
INSERT INTO applies_to(obs, ref) VALUES ('ocy517giq', 'pcc2026io_lfl.fits');
INSERT INTO applies_to(obs, ref) VALUES ('lc7004koq', 'wc318317l_pha.fits');
INSERT INTO applies_to(obs, ref) VALUES ('lc7005ylq', 'x1u1459il_brf.fits');
INSERT INTO applies_to(obs, ref) VALUES ('lc7006iuq', 'zbn1927gl_gsag.fits');
INSERT INTO applies_to(obs, ref) VALUES ('lc7004keq', 'yae1249sl_bpix.fits');
INSERT INTO applies_to(obs, ref) VALUES ('lc7002czq', 'wc318317l_pha.fits');
INSERT INTO applies_to(obs, ref) VALUES ('ocy517gmq', '16j16006o_sdc.fits');
INSERT INTO applies_to(obs, ref) VALUES ('obrz04010', 'x6417094o_pfl.fits');
INSERT INTO applies_to(obs, ref) VALUES ('lc7001avq', 'zbn1927gl_gsag.fits');
INSERT INTO applies_to(obs, ref) VALUES ('lc7006isq', '0561933ll_tds.fits');
INSERT INTO applies_to(obs, ref) VALUES ('lc7003a4q', 's7g1700gl_dead.fits');
INSERT INTO applies_to(obs, ref) VALUES ('lc7006ixq', 'x1u1459il_brf.fits');
INSERT INTO applies_to(obs, ref) VALUES ('ocy517gjq', 'l2j0137to_dsp.fits');
INSERT INTO applies_to(obs, ref) VALUES ('o64m01020', 'k8m0958co_ech.fits');
INSERT INTO applies_to(obs, ref) VALUES ('lc7003aaq', '14o2013rl_ywalk.fits');
INSERT INTO applies_to(obs, ref) VALUES ('lc7002d1q', 'zbn1927gl_gsag.fits');
INSERT INTO applies_to(obs, ref) VALUES ('lc7001azq', '1811827rl_lamp.fits');
INSERT INTO applies_to(obs, ref) VALUES ('lc7004kbq', 'x1u1459il_brf.fits');
INSERT INTO applies_to(obs, ref) VALUES ('obrz04030', 'h1v11475o_bpx.fits');
INSERT INTO applies_to(obs, ref) VALUES ('ocy517gmq', 'x6417094o_pfl.fits');
INSERT INTO applies_to(obs, ref) VALUES ('obrz04010', 'y2r1559to_apt.fits');
INSERT INTO applies_to(obs, ref) VALUES ('o64m01020', 'obm1723ro_apd.fits');
INSERT INTO applies_to(obs, ref) VALUES ('ocy517gqq', 'qa31608go_1dt.fits');
INSERT INTO applies_to(obs, ref) VALUES ('lc7002cpq', 's7g1700gl_dead.fits');
INSERT INTO applies_to(obs, ref) VALUES ('lctg02hiq', 'zbn1927fl_gsag.fits');
INSERT INTO applies_to(obs, ref) VALUES ('o57315040', 'qa31608go_1dt.fits');
INSERT INTO applies_to(obs, ref) VALUES ('lc7002cpq', 'x6q17586l_1dx.fits');
INSERT INTO applies_to(obs, ref) VALUES ('ocy517giq', '0521335lo_bia.fits');
INSERT INTO applies_to(obs, ref) VALUES ('lctg01k5q', '1811827rl_lamp.fits');
INSERT INTO applies_to(obs, ref) VALUES ('ocy517gpq', 'x6417094o_pfl.fits');
INSERT INTO applies_to(obs, ref) VALUES ('obrz04010', '16j16006o_sdc.fits');
INSERT INTO applies_to(obs, ref) VALUES ('lc7005xgq', 'x1u1459gl_geo.fits');
INSERT INTO applies_to(obs, ref) VALUES ('lc7004k6q', 'u1t1616ql_wcp.fits');
INSERT INTO applies_to(obs, ref) VALUES ('obrz05010', 'o481727ao_lfl.fits');
INSERT INTO applies_to(obs, ref) VALUES ('lctg01kcq', 'xab1551cl_flat.fits');
INSERT INTO applies_to(obs, ref) VALUES ('lc7004k2q', 'zbn1927gl_gsag.fits');
INSERT INTO applies_to(obs, ref) VALUES ('lc7006igq', '14o2013ql_xwalk.fits');
INSERT INTO applies_to(obs, ref) VALUES ('o64m01040', 'q9s1550lo_tds.fits');
INSERT INTO applies_to(obs, ref) VALUES ('lc7006igq', 'zbn1927gl_gsag.fits');
INSERT INTO applies_to(obs, ref) VALUES ('obrz04040', '16j16006o_sdc.fits');
INSERT INTO applies_to(obs, ref) VALUES ('lc7005ynq', 'zbn1927gl_gsag.fits');
INSERT INTO applies_to(obs, ref) VALUES ('obrz05030', 'xaf1519so_tdc.fits');
INSERT INTO applies_to(obs, ref) VALUES ('lc7006iuq', 's7g1700gl_dead.fits');
INSERT INTO applies_to(obs, ref) VALUES ('obrz05010', '13a1941fo_tds.fits');
INSERT INTO applies_to(obs, ref) VALUES ('ocy517giq', '13a1941eo_tds.fits');
INSERT INTO applies_to(obs, ref) VALUES ('ocy517gkq', 'h1v11475o_bpx.fits');
INSERT INTO applies_to(obs, ref) VALUES ('lc7006idq', 'zbn1927gl_gsag.fits');
INSERT INTO applies_to(obs, ref) VALUES ('o57315040', 'j3m1403io_crr.fits');
INSERT INTO applies_to(obs, ref) VALUES ('obrz05020', 'k8m0958bo_cds.fits');
INSERT INTO applies_to(obs, ref) VALUES ('lc7004k4q', 'x6q17586l_1dx.fits');
INSERT INTO applies_to(obs, ref) VALUES ('lc7001avq', 'lc7001020_asn.fits');
INSERT INTO applies_to(obs, ref) VALUES ('lc7001b3q', '1811831fl_spwcs.fits');
INSERT INTO applies_to(obs, ref) VALUES ('o64m01050', 'k8m0958do_exs.fits');
INSERT INTO applies_to(obs, ref) VALUES ('lc7005yqq', '1811831fl_spwcs.fits');
INSERT INTO applies_to(obs, ref) VALUES ('lc7002cxq', '14o2013rl_ywalk.fits');
INSERT INTO applies_to(obs, ref) VALUES ('lc7001b5q', 'lc7001050_asn.fits');
INSERT INTO applies_to(obs, ref) VALUES ('lctg01k1q', 'zbn1927fl_gsag.fits');
INSERT INTO applies_to(obs, ref) VALUES ('ocy517gmq', '0521335lo_bia.fits');
INSERT INTO applies_to(obs, ref) VALUES ('ocy5170d0', 'l2j0137to_dsp.fits');
INSERT INTO applies_to(obs, ref) VALUES ('o64m01020', 'l3m1437to_1dx.fits');
INSERT INTO applies_to(obs, ref) VALUES ('o64m01040', 'k8m0958bo_cds.fits');
INSERT INTO applies_to(obs, ref) VALUES ('ocy517gqq', '13a1941eo_tds.fits');
INSERT INTO applies_to(obs, ref) VALUES ('lc7002cnq', '0bn1606sl_disp.fits');
INSERT INTO applies_to(obs, ref) VALUES ('ocy517gjq', '16j16006o_sdc.fits');
INSERT INTO applies_to(obs, ref) VALUES ('ocy517gmq', '16j1600do_ccd.fits');
INSERT INTO applies_to(obs, ref) VALUES ('obrz05020', 'mbj1658do_pfl.fits');
INSERT INTO applies_to(obs, ref) VALUES ('lc7004koq', '14o2013ql_xwalk.fits');
INSERT INTO applies_to(obs, ref) VALUES ('o64m01010', 'qb319513o_pht.fits');
INSERT INTO applies_to(obs, ref) VALUES ('lc7005xkq', '1811831fl_spwcs.fits');
INSERT INTO applies_to(obs, ref) VALUES ('lc7002cnq', 'zbn1927gl_gsag.fits');
INSERT INTO applies_to(obs, ref) VALUES ('lc7004k2q', '1811827rl_lamp.fits');
INSERT INTO applies_to(obs, ref) VALUES ('obrz04020', 'p9r19203o_gac.fits');
INSERT INTO applies_to(obs, ref) VALUES ('lctg02ieq', '1811831fl_spwcs.fits');
INSERT INTO applies_to(obs, ref) VALUES ('obrz04030', 'l421050oo_lmp.fits');
INSERT INTO applies_to(obs, ref) VALUES ('lc7001azq', '0561933ll_tds.fits');
INSERT INTO applies_to(obs, ref) VALUES ('lctg02i9q', 'ycj1846tl_tds.fits');
INSERT INTO applies_to(obs, ref) VALUES ('lc7001b1q', '0561933jl_phot.fits');
INSERT INTO applies_to(obs, ref) VALUES ('lc7002cxq', 'xab1551cl_flat.fits');
INSERT INTO applies_to(obs, ref) VALUES ('obrz05020', '16j1600co_wcp.fits');
INSERT INTO applies_to(obs, ref) VALUES ('lc7002d1q', '1811827rl_lamp.fits');
INSERT INTO applies_to(obs, ref) VALUES ('lc7001b5q', '0561933jl_phot.fits');
INSERT INTO applies_to(obs, ref) VALUES ('lc7003agq', 'zas1615jl_spot.fits');
INSERT INTO applies_to(obs, ref) VALUES ('ocy517gqq', '16j1600co_wcp.fits');
INSERT INTO applies_to(obs, ref) VALUES ('lc7002ctq', 'yae1249sl_bpix.fits');
INSERT INTO applies_to(obs, ref) VALUES ('lctg02i9q', '0561933jl_phot.fits');
INSERT INTO applies_to(obs, ref) VALUES ('obrz04030', 'y2i1649no_imp.fits');
INSERT INTO applies_to(obs, ref) VALUES ('ocy517gqq', 'j3m1403io_crr.fits');
INSERT INTO applies_to(obs, ref) VALUES ('ocy517gpq', 'n7p1031qo_1dx.fits');
INSERT INTO applies_to(obs, ref) VALUES ('lc7003agq', 'xab1551cl_flat.fits');
INSERT INTO applies_to(obs, ref) VALUES ('ocy517gkq', 'p9r19203o_gac.fits');
INSERT INTO applies_to(obs, ref) VALUES ('o64m01030', 'lcl11075o_drk.fits');
INSERT INTO applies_to(obs, ref) VALUES ('lc7002d1q', 'x1u1459gl_geo.fits');
INSERT INTO applies_to(obs, ref) VALUES ('obrz05020', 'l3m1437ro_iac.fits');
INSERT INTO applies_to(obs, ref) VALUES ('lc7005ynq', '1811827rl_lamp.fits');
INSERT INTO applies_to(obs, ref) VALUES ('lc7006idq', 'wc318317l_pha.fits');
INSERT INTO applies_to(obs, ref) VALUES ('lctg01k5q', 'xab1551cl_flat.fits');
INSERT INTO applies_to(obs, ref) VALUES ('lc7006igq', 'u1t1616ql_wcp.fits');
INSERT INTO applies_to(obs, ref) VALUES ('lc7001b3q', '14o2013ql_xwalk.fits');
INSERT INTO applies_to(obs, ref) VALUES ('lc7006j7q', 'x1u1459il_brf.fits');
INSERT INTO applies_to(obs, ref) VALUES ('lc7002cnq', 'u1t1616ql_wcp.fits');
INSERT INTO applies_to(obs, ref) VALUES ('lctg01k5q', 'x1u1459il_brf.fits');
INSERT INTO applies_to(obs, ref) VALUES ('obrz05030', 'k8m0958go_srw.fits');
INSERT INTO applies_to(obs, ref) VALUES ('lc7004kgq', 'x6q17586l_1dx.fits');
INSERT INTO applies_to(obs, ref) VALUES ('lc7001arq', 'u1t1616ql_wcp.fits');
INSERT INTO applies_to(obs, ref) VALUES ('lc7005yjq', '0bn1606sl_disp.fits');
INSERT INTO applies_to(obs, ref) VALUES ('o64m01020', 'l421050oo_lmp.fits');
INSERT INTO applies_to(obs, ref) VALUES ('lc7004kbq', 'zas1615jl_spot.fits');
INSERT INTO applies_to(obs, ref) VALUES ('ocy517gmq', 'l2j0137to_dsp.fits');
INSERT INTO applies_to(obs, ref) VALUES ('lc7002cnq', 'yae1249sl_bpix.fits');
INSERT INTO applies_to(obs, ref) VALUES ('lc7004k9q', 'x6q17586l_1dx.fits');
INSERT INTO applies_to(obs, ref) VALUES ('lc7002cxq', '0561933jl_phot.fits');
INSERT INTO applies_to(obs, ref) VALUES ('lc7004koq', 'lc7004050_asn.fits');
INSERT INTO applies_to(obs, ref) VALUES ('o64m01050', 'n7p1032ao_apt.fits');
INSERT INTO applies_to(obs, ref) VALUES ('lc7006igq', 'x1u1459gl_geo.fits');
INSERT INTO applies_to(obs, ref) VALUES ('lctg01j6q', 'ycj1846tl_tds.fits');
INSERT INTO applies_to(obs, ref) VALUES ('lctg02hiq', 'zas1615jl_spot.fits');
INSERT INTO applies_to(obs, ref) VALUES ('lc7005xiq', 's7g1700gl_dead.fits');
INSERT INTO applies_to(obs, ref) VALUES ('lc7005ygq', 'x6q17586l_1dx.fits');
INSERT INTO applies_to(obs, ref) VALUES ('obrz04010', 'q541740no_pct.fits');
INSERT INTO applies_to(obs, ref) VALUES ('lc7005ygq', 'lc7005020_asn.fits');
INSERT INTO applies_to(obs, ref) VALUES ('lc7003agq', 'wc318317l_pha.fits');
INSERT INTO applies_to(obs, ref) VALUES ('lc7006igq', '0bn1606sl_disp.fits');
INSERT INTO applies_to(obs, ref) VALUES ('ocy517gpq', '16j16006o_sdc.fits');
INSERT INTO applies_to(obs, ref) VALUES ('o64m01010', 'l3m1437to_1dx.fits');
INSERT INTO applies_to(obs, ref) VALUES ('lc7004k4q', 'lc7004010_asn.fits');
INSERT INTO applies_to(obs, ref) VALUES ('lc7005ylq', '0bn1606sl_disp.fits');
INSERT INTO applies_to(obs, ref) VALUES ('lc7004k4q', '1811831fl_spwcs.fits');
INSERT INTO applies_to(obs, ref) VALUES ('ocy517goq', 'y2r1559to_apt.fits');
INSERT INTO applies_to(obs, ref) VALUES ('ocy5170d0', 'j3m1403io_crr.fits');
INSERT INTO applies_to(obs, ref) VALUES ('lc7006ibq', 'x6q17586l_1dx.fits');
INSERT INTO applies_to(obs, ref) VALUES ('lc7003a4q', '0bn1606sl_disp.fits');
INSERT INTO applies_to(obs, ref) VALUES ('lc7006idq', 'x6q17586l_1dx.fits');
INSERT INTO applies_to(obs, ref) VALUES ('lc7001atq', '14o2013rl_ywalk.fits');
INSERT INTO applies_to(obs, ref) VALUES ('o64m01020', 'n2o1817fo_pct.fits');
INSERT INTO applies_to(obs, ref) VALUES ('lctg01kcq', 'x1u1459gl_geo.fits');
INSERT INTO applies_to(obs, ref) VALUES ('lc7001azq', '0561933jl_phot.fits');
INSERT INTO applies_to(obs, ref) VALUES ('o64m01020', 'mbj1658do_pfl.fits');
INSERT INTO applies_to(obs, ref) VALUES ('obrz04030', 'qa31608go_1dt.fits');
INSERT INTO applies_to(obs, ref) VALUES ('lctg01k5q', 'x1u1459gl_geo.fits');
INSERT INTO applies_to(obs, ref) VALUES ('lc7001atq', 'x1u1459gl_geo.fits');
INSERT INTO applies_to(obs, ref) VALUES ('lc7002cnq', 'x6q17586l_1dx.fits');
INSERT INTO applies_to(obs, ref) VALUES ('o64m01020', 'n7p1032ao_apt.fits');
INSERT INTO applies_to(obs, ref) VALUES ('lctg01j6q', 'zbn1927fl_gsag.fits');
INSERT INTO applies_to(obs, ref) VALUES ('lc7004koq', '1811831fl_spwcs.fits');
INSERT INTO applies_to(obs, ref) VALUES ('lc7001b1q', 'zas1615jl_spot.fits');
INSERT INTO applies_to(obs, ref) VALUES ('obrz05010', 'y2r1559to_apt.fits');
INSERT INTO applies_to(obs, ref) VALUES ('lc7004k4q', 'xab1551cl_flat.fits');
INSERT INTO applies_to(obs, ref) VALUES ('obrz05030', 'h4s1350ko_moc.fits');
INSERT INTO applies_to(obs, ref) VALUES ('lc7002cxq', 's7g1700gl_dead.fits');
INSERT INTO applies_to(obs, ref) VALUES ('lctg02i9q', 'yae1249sl_bpix.fits');
INSERT INTO applies_to(obs, ref) VALUES ('lc7001axq', 'zas1615jl_spot.fits');
INSERT INTO applies_to(obs, ref) VALUES ('lc7001b1q', 'xab1551cl_flat.fits');
INSERT INTO applies_to(obs, ref) VALUES ('o64m01020', 'obm1723po_sdc.fits');
INSERT INTO applies_to(obs, ref) VALUES ('lc7006i6q', '14o2013rl_ywalk.fits');
INSERT INTO applies_to(obs, ref) VALUES ('lc7006igq', 'x1u1459il_brf.fits');
INSERT INTO applies_to(obs, ref) VALUES ('obrz05030', 'h5s1140ko_lfl.fits');
INSERT INTO applies_to(obs, ref) VALUES ('lc7005yjq', '1811827rl_lamp.fits');
INSERT INTO applies_to(obs, ref) VALUES ('lc7003aiq', 'yae1249sl_bpix.fits');
INSERT INTO applies_to(obs, ref) VALUES ('lc7001atq', 'xab1551cl_flat.fits');
INSERT INTO applies_to(obs, ref) VALUES ('obrz04020', 'w2g1626jo_drk.fits');
INSERT INTO applies_to(obs, ref) VALUES ('lctg02hiq', 'wc318317l_pha.fits');
INSERT INTO applies_to(obs, ref) VALUES ('obrz04020', '16j16006o_sdc.fits');
INSERT INTO applies_to(obs, ref) VALUES ('lc7001atq', 'zas1615jl_spot.fits');
INSERT INTO applies_to(obs, ref) VALUES ('lc7005xgq', 'u1t1616ql_wcp.fits');
INSERT INTO applies_to(obs, ref) VALUES ('lc7001arq', '14o2013ql_xwalk.fits');
INSERT INTO applies_to(obs, ref) VALUES ('ocy5170d0', 'p822207no_pht.fits');
INSERT INTO applies_to(obs, ref) VALUES ('obrz05020', 'l421050oo_lmp.fits');
INSERT INTO applies_to(obs, ref) VALUES ('ocy517gmq', 'j3m1403io_crr.fits');
INSERT INTO applies_to(obs, ref) VALUES ('lc7003a8q', '0bn1606sl_disp.fits');
INSERT INTO applies_to(obs, ref) VALUES ('lc7006i6q', 'lc7006010_asn.fits');
INSERT INTO applies_to(obs, ref) VALUES ('lc7002d1q', 'yae1249sl_bpix.fits');
INSERT INTO applies_to(obs, ref) VALUES ('lc7005yjq', 'wc318317l_pha.fits');
INSERT INTO applies_to(obs, ref) VALUES ('ocy517glq', '16j16005o_apd.fits');
INSERT INTO applies_to(obs, ref) VALUES ('lc7004kbq', '0561933ll_tds.fits');
INSERT INTO applies_to(obs, ref) VALUES ('o64m01040', 'qb319513o_pht.fits');
INSERT INTO applies_to(obs, ref) VALUES ('lc7001atq', 'wc318317l_pha.fits');
INSERT INTO applies_to(obs, ref) VALUES ('lc7003aiq', 'x1u1459gl_geo.fits');
INSERT INTO applies_to(obs, ref) VALUES ('lc7004kbq', '14o2013rl_ywalk.fits');
INSERT INTO applies_to(obs, ref) VALUES ('lc7002cpq', '14o2013rl_ywalk.fits');
INSERT INTO applies_to(obs, ref) VALUES ('lc7003aaq', 'u1t1616ql_wcp.fits');
INSERT INTO applies_to(obs, ref) VALUES ('o64m01050', 'hcm14407o_bpx.fits');
INSERT INTO applies_to(obs, ref) VALUES ('lc7004kbq', 'x6q17586l_1dx.fits');
INSERT INTO applies_to(obs, ref) VALUES ('lctg01j6q', 'yae1249sl_bpix.fits');
INSERT INTO applies_to(obs, ref) VALUES ('lc7002czq', '14o2013rl_ywalk.fits');
INSERT INTO applies_to(obs, ref) VALUES ('lc7003aeq', 'u1t1616ql_wcp.fits');
INSERT INTO applies_to(obs, ref) VALUES ('lc7005yqq', 'x1u1459il_brf.fits');
INSERT INTO applies_to(obs, ref) VALUES ('lc7003acq', '1811831fl_spwcs.fits');
INSERT INTO applies_to(obs, ref) VALUES ('lc7005yqq', '1811827rl_lamp.fits');
INSERT INTO applies_to(obs, ref) VALUES ('o64m01050', 'l3m1437to_1dx.fits');
INSERT INTO applies_to(obs, ref) VALUES ('obrz04020', 'h5s11397o_iac.fits');
INSERT INTO applies_to(obs, ref) VALUES ('lc7005xgq', 'zas1615jl_spot.fits');
INSERT INTO applies_to(obs, ref) VALUES ('lc7005yqq', 'wc318317l_pha.fits');
INSERT INTO applies_to(obs, ref) VALUES ('ocy517gpq', 'p822207no_pht.fits');
INSERT INTO applies_to(obs, ref) VALUES ('ocy517gjq', 'l421050oo_lmp.fits');
INSERT INTO applies_to(obs, ref) VALUES ('lc7005xgq', 'xab1551cl_flat.fits');
INSERT INTO applies_to(obs, ref) VALUES ('lc7001axq', '0bn1606sl_disp.fits');
INSERT INTO applies_to(obs, ref) VALUES ('lctg02irq', 'ycj1846tl_tds.fits');
INSERT INTO applies_to(obs, ref) VALUES ('ocy517goq', 'x6417094o_pfl.fits');
INSERT INTO applies_to(obs, ref) VALUES ('lctg02irq', 'lctg02010_asn.fits');
INSERT INTO applies_to(obs, ref) VALUES ('lc7002ctq', '0561933jl_phot.fits');
INSERT INTO applies_to(obs, ref) VALUES ('lc7006idq', '0bn1606sl_disp.fits');
INSERT INTO applies_to(obs, ref) VALUES ('lc7005yjq', 'yae1249sl_bpix.fits');
INSERT INTO applies_to(obs, ref) VALUES ('lc7004kgq', 'yae1249sl_bpix.fits');
INSERT INTO applies_to(obs, ref) VALUES ('obrz05030', 'vb816447o_rip.fits');
INSERT INTO applies_to(obs, ref) VALUES ('o64m01010', 'j9r16559o_lin.fits');
INSERT INTO applies_to(obs, ref) VALUES ('lc7001avq', 's7g1700gl_dead.fits');
INSERT INTO applies_to(obs, ref) VALUES ('lc7006iuq', '14o2013ql_xwalk.fits');
INSERT INTO applies_to(obs, ref) VALUES ('lc7006isq', 'zbn1927gl_gsag.fits');
INSERT INTO applies_to(obs, ref) VALUES ('obrz05030', '16j16005o_apd.fits');
INSERT INTO applies_to(obs, ref) VALUES ('obrz04030', '13a1941eo_tds.fits');
INSERT INTO applies_to(obs, ref) VALUES ('lc7001atq', 'x6q17586l_1dx.fits');
INSERT INTO applies_to(obs, ref) VALUES ('lc7001azq', 'u1t1616ql_wcp.fits');
INSERT INTO applies_to(obs, ref) VALUES ('ocy517giq', 'y2i1649no_imp.fits');
INSERT INTO applies_to(obs, ref) VALUES ('obrz05010', 'h4s1350io_moc.fits');
INSERT INTO applies_to(obs, ref) VALUES ('ocy517gnq', 'y2i1649no_imp.fits');
INSERT INTO applies_to(obs, ref) VALUES ('lc7004kgq', 'lc7004050_asn.fits');
INSERT INTO applies_to(obs, ref) VALUES ('lc7002cnq', 'x1u1459gl_geo.fits');
INSERT INTO applies_to(obs, ref) VALUES ('lc7004kgq', '0bn1606sl_disp.fits');
INSERT INTO applies_to(obs, ref) VALUES ('lc7002cnq', 's7g1700gl_dead.fits');
INSERT INTO applies_to(obs, ref) VALUES ('obrz05010', 'k8m09585o_ech.fits');
INSERT INTO applies_to(obs, ref) VALUES ('ocy5170d0', 'l421050oo_lmp.fits');
INSERT INTO applies_to(obs, ref) VALUES ('lc7004k6q', '1811827rl_lamp.fits');
INSERT INTO applies_to(obs, ref) VALUES ('o64m01020', 'k8m0958bo_cds.fits');
INSERT INTO applies_to(obs, ref) VALUES ('ocy517gqq', 'y2r1559to_apt.fits');
INSERT INTO applies_to(obs, ref) VALUES ('lc7004k6q', 'zbn1927gl_gsag.fits');
INSERT INTO applies_to(obs, ref) VALUES ('lc7006igq', 's7g1700gl_dead.fits');
INSERT INTO applies_to(obs, ref) VALUES ('lc7005xkq', 'zas1615jl_spot.fits');
INSERT INTO applies_to(obs, ref) VALUES ('obrz05030', 'k8m0958eo_hal.fits');
INSERT INTO applies_to(obs, ref) VALUES ('lctg01j6q', '14o2013rl_ywalk.fits');
INSERT INTO applies_to(obs, ref) VALUES ('lc7002cxq', 'x1u1459il_brf.fits');
INSERT INTO applies_to(obs, ref) VALUES ('lctg02i9q', 'lctg02010_asn.fits');
INSERT INTO applies_to(obs, ref) VALUES ('lctg02ijq', 'x1u1459gl_geo.fits');
INSERT INTO applies_to(obs, ref) VALUES ('lc7001arq', '1811831fl_spwcs.fits');
INSERT INTO applies_to(obs, ref) VALUES ('ocy517gpq', '16j1600co_wcp.fits');
INSERT INTO applies_to(obs, ref) VALUES ('lc7004k9q', '0561933jl_phot.fits');
INSERT INTO applies_to(obs, ref) VALUES ('o64m01040', 'k8m0958eo_hal.fits');
INSERT INTO applies_to(obs, ref) VALUES ('lc7001arq', 's7g1700gl_dead.fits');
INSERT INTO applies_to(obs, ref) VALUES ('lc7002cnq', 'zas1615jl_spot.fits');
INSERT INTO applies_to(obs, ref) VALUES ('ocy517gkq', '05213364o_drk.fits');
INSERT INTO applies_to(obs, ref) VALUES ('lc7005yqq', 'zas1615jl_spot.fits');
INSERT INTO applies_to(obs, ref) VALUES ('lc7002d1q', '14o2013rl_ywalk.fits');
INSERT INTO applies_to(obs, ref) VALUES ('o64m01050', 'k8m0958fo_rip.fits');
INSERT INTO applies_to(obs, ref) VALUES ('lc7001arq', '0561933jl_phot.fits');
INSERT INTO applies_to(obs, ref) VALUES ('ocy517gmq', 'p9r19203o_gac.fits');
INSERT INTO applies_to(obs, ref) VALUES ('lctg01k1q', 'wc318317l_pha.fits');
INSERT INTO applies_to(obs, ref) VALUES ('lc7005ylq', 'x6q17586l_1dx.fits');
INSERT INTO applies_to(obs, ref) VALUES ('ocy517gkq', '16j16005o_apd.fits');
INSERT INTO applies_to(obs, ref) VALUES ('lc7004keq', 'x1u1459il_brf.fits');
INSERT INTO applies_to(obs, ref) VALUES ('lc7006ibq', '14o2013ql_xwalk.fits');
INSERT INTO applies_to(obs, ref) VALUES ('lc7001avq', 'xab1551cl_flat.fits');
INSERT INTO applies_to(obs, ref) VALUES ('lc7001b5q', '14o2013ql_xwalk.fits');
INSERT INTO applies_to(obs, ref) VALUES ('lc7002cvq', '14o2013rl_ywalk.fits');
INSERT INTO applies_to(obs, ref) VALUES ('lctg02hiq', '1811831fl_spwcs.fits');
INSERT INTO applies_to(obs, ref) VALUES ('lc7002ctq', '0561933ll_tds.fits');
INSERT INTO applies_to(obs, ref) VALUES ('o64m01010', 'l3m1437ro_iac.fits');
INSERT INTO applies_to(obs, ref) VALUES ('lc7002cvq', '0561933ll_tds.fits');
INSERT INTO applies_to(obs, ref) VALUES ('lctg02hiq', 's7g1700gl_dead.fits');
INSERT INTO applies_to(obs, ref) VALUES ('lc7001avq', 'zas1615jl_spot.fits');
INSERT INTO applies_to(obs, ref) VALUES ('lc7002cvq', 'u1t1616ql_wcp.fits');
INSERT INTO applies_to(obs, ref) VALUES ('lc7006ixq', 'wc318317l_pha.fits');
INSERT INTO applies_to(obs, ref) VALUES ('lc7003aeq', '14o2013rl_ywalk.fits');
INSERT INTO applies_to(obs, ref) VALUES ('o64m01030', 'h4s1350ko_moc.fits');
INSERT INTO applies_to(obs, ref) VALUES ('lc7002cpq', 'u1t1616ql_wcp.fits');
INSERT INTO applies_to(obs, ref) VALUES ('lc7004kbq', 'u1t1616ql_wcp.fits');
INSERT INTO applies_to(obs, ref) VALUES ('lc7001b5q', 'x6q17586l_1dx.fits');
INSERT INTO applies_to(obs, ref) VALUES ('lc7003a8q', 'u1t1616ql_wcp.fits');
INSERT INTO applies_to(obs, ref) VALUES ('obrz04010', 'p822207no_pht.fits');
INSERT INTO applies_to(obs, ref) VALUES ('obrz04040', 'w2g1626jo_drk.fits');
INSERT INTO applies_to(obs, ref) VALUES ('ocy517gqq', 'pcc2026ko_lfl.fits');
INSERT INTO applies_to(obs, ref) VALUES ('lc7004k2q', 'zas1615jl_spot.fits');
INSERT INTO applies_to(obs, ref) VALUES ('lc7004k6q', 's7g1700gl_dead.fits');
INSERT INTO applies_to(obs, ref) VALUES ('ocy517gkq', '0521335lo_bia.fits');
INSERT INTO applies_to(obs, ref) VALUES ('lc7002crq', 'yae1249sl_bpix.fits');
INSERT INTO applies_to(obs, ref) VALUES ('lc7003a8q', 's7g1700gl_dead.fits');
INSERT INTO applies_to(obs, ref) VALUES ('o64m01040', 'n7p1032ao_apt.fits');
INSERT INTO applies_to(obs, ref) VALUES ('lc7001azq', '14o2013ql_xwalk.fits');
INSERT INTO applies_to(obs, ref) VALUES ('lc7006iuq', 'x1u1459il_brf.fits');
INSERT INTO applies_to(obs, ref) VALUES ('ocy517gkq', 'y2r1559to_apt.fits');
INSERT INTO applies_to(obs, ref) VALUES ('o64m01030', 'k8m0958ho_tel.fits');
INSERT INTO applies_to(obs, ref) VALUES ('ocy517gmq', 'h1v11475o_bpx.fits');
INSERT INTO applies_to(obs, ref) VALUES ('obrz04010', '13a1941eo_tds.fits');
INSERT INTO applies_to(obs, ref) VALUES ('ocy517goq', 'n7p1031qo_1dx.fits');
INSERT INTO applies_to(obs, ref) VALUES ('lc7002d1q', '0561933jl_phot.fits');
INSERT INTO applies_to(obs, ref) VALUES ('lctg01k1q', 's7g1700gl_dead.fits');
INSERT INTO applies_to(obs, ref) VALUES ('obrz04050', 'l421050oo_lmp.fits');
INSERT INTO applies_to(obs, ref) VALUES ('lctg02ieq', '1811827rl_lamp.fits');
INSERT INTO applies_to(obs, ref) VALUES ('ocy517gmq', 'q541740no_pct.fits');
INSERT INTO applies_to(obs, ref) VALUES ('lc7006ixq', 'xab1551cl_flat.fits');
INSERT INTO applies_to(obs, ref) VALUES ('lc7006ibq', '0561933jl_phot.fits');
INSERT INTO applies_to(obs, ref) VALUES ('obrz04010', 'qa31608go_1dt.fits');
INSERT INTO applies_to(obs, ref) VALUES ('lc7002crq', 'x1u1459gl_geo.fits');
INSERT INTO applies_to(obs, ref) VALUES ('lc7002crq', '14o2013rl_ywalk.fits');
INSERT INTO applies_to(obs, ref) VALUES ('lc7001azq', 'x6q17586l_1dx.fits');
INSERT INTO applies_to(obs, ref) VALUES ('lc7006ixq', 'zas1615jl_spot.fits');
INSERT INTO applies_to(obs, ref) VALUES ('lctg02i9q', 'x1u1459il_brf.fits');
INSERT INTO applies_to(obs, ref) VALUES ('obrz05030', 'k8m0958co_ech.fits');
INSERT INTO applies_to(obs, ref) VALUES ('lctg02irq', 'u1t1616ql_wcp.fits');
INSERT INTO applies_to(obs, ref) VALUES ('o64m01020', 'o64m01020_asn.fits');
INSERT INTO applies_to(obs, ref) VALUES ('lc7002czq', 's7g1700gl_dead.fits');
INSERT INTO applies_to(obs, ref) VALUES ('obrz04040', 'qa31608go_1dt.fits');
INSERT INTO applies_to(obs, ref) VALUES ('obrz04010', 'pcc2026jo_lfl.fits');
INSERT INTO applies_to(obs, ref) VALUES ('lc7003acq', 'x6q17586l_1dx.fits');
INSERT INTO applies_to(obs, ref) VALUES ('lc7004kgq', '14o2013rl_ywalk.fits');
INSERT INTO applies_to(obs, ref) VALUES ('o64m01010', 'h5s1140ko_lfl.fits');
INSERT INTO applies_to(obs, ref) VALUES ('lc7002cvq', 'zbn1927gl_gsag.fits');
INSERT INTO applies_to(obs, ref) VALUES ('lc7004kgq', 'x1u1459gl_geo.fits');
INSERT INTO applies_to(obs, ref) VALUES ('lc7006ixq', 's7g1700gl_dead.fits');
INSERT INTO applies_to(obs, ref) VALUES ('lc7003a4q', 'x1u1459il_brf.fits');
INSERT INTO applies_to(obs, ref) VALUES ('obrz04040', 'n7p1031qo_1dx.fits');
INSERT INTO applies_to(obs, ref) VALUES ('lc7003acq', '0561933jl_phot.fits');
INSERT INTO applies_to(obs, ref) VALUES ('lc7005xgq', '14o2013ql_xwalk.fits');
INSERT INTO applies_to(obs, ref) VALUES ('lc7002cxq', 'zbn1927gl_gsag.fits');
INSERT INTO applies_to(obs, ref) VALUES ('ocy517gnq', '13a1941eo_tds.fits');
INSERT INTO applies_to(obs, ref) VALUES ('lc7001atq', '0bn1606sl_disp.fits');
INSERT INTO applies_to(obs, ref) VALUES ('lc7006ibq', 'u1t1616ql_wcp.fits');
INSERT INTO applies_to(obs, ref) VALUES ('lc7003a8q', 'zbn1927gl_gsag.fits');
INSERT INTO applies_to(obs, ref) VALUES ('o64m01020', 'l3m1437ro_iac.fits');
INSERT INTO applies_to(obs, ref) VALUES ('lctg02irq', '1811831fl_spwcs.fits');
INSERT INTO applies_to(obs, ref) VALUES ('ocy517goq', 'l2j0137to_dsp.fits');
INSERT INTO applies_to(obs, ref) VALUES ('ocy517glq', '0521335lo_bia.fits');
INSERT INTO applies_to(obs, ref) VALUES ('lc7005ygq', '14o2013ql_xwalk.fits');
INSERT INTO applies_to(obs, ref) VALUES ('lc7004keq', 's7g1700gl_dead.fits');
INSERT INTO applies_to(obs, ref) VALUES ('lc7006i6q', '0561933ll_tds.fits');
INSERT INTO applies_to(obs, ref) VALUES ('o57315040', 'o57315040_asn.fits');
INSERT INTO applies_to(obs, ref) VALUES ('lc7005ylq', 's7g1700gl_dead.fits');
INSERT INTO applies_to(obs, ref) VALUES ('lc7004k4q', '1811827rl_lamp.fits');
INSERT INTO applies_to(obs, ref) VALUES ('lc7003a8q', 'x1u1459gl_geo.fits');
INSERT INTO applies_to(obs, ref) VALUES ('obrz05030', 'v2s21472o_bpx.fits');
INSERT INTO applies_to(obs, ref) VALUES ('lctg01j6q', 'x6q17586l_1dx.fits');
INSERT INTO applies_to(obs, ref) VALUES ('lc7002ctq', '14o2013rl_ywalk.fits');
INSERT INTO applies_to(obs, ref) VALUES ('lc7005xiq', '0bn1606sl_disp.fits');
INSERT INTO applies_to(obs, ref) VALUES ('ocy517gnq', 'y2r1559to_apt.fits');
INSERT INTO applies_to(obs, ref) VALUES ('lc7001b3q', '14o2013rl_ywalk.fits');
INSERT INTO applies_to(obs, ref) VALUES ('lctg01k1q', 'yae1249sl_bpix.fits');
INSERT INTO applies_to(obs, ref) VALUES ('ocy517glq', 'l421050oo_lmp.fits');
INSERT INTO applies_to(obs, ref) VALUES ('lctg02irq', 'x1u1459il_brf.fits');
INSERT INTO applies_to(obs, ref) VALUES ('lc7002cvq', '0bn1606sl_disp.fits');
INSERT INTO applies_to(obs, ref) VALUES ('lc7001b1q', '14o2013rl_ywalk.fits');
INSERT INTO applies_to(obs, ref) VALUES ('lc7004koq', '0bn1606sl_disp.fits');
INSERT INTO applies_to(obs, ref) VALUES ('ocy517gjq', 'h5s11397o_iac.fits');
INSERT INTO applies_to(obs, ref) VALUES ('lc7004kbq', 'xab1551cl_flat.fits');
INSERT INTO applies_to(obs, ref) VALUES ('lctg02irq', 'wc318317l_pha.fits');
INSERT INTO applies_to(obs, ref) VALUES ('lc7001axq', '1811831fl_spwcs.fits');
INSERT INTO applies_to(obs, ref) VALUES ('lc7004k2q', '14o2013rl_ywalk.fits');
INSERT INTO applies_to(obs, ref) VALUES ('lc7002d1q', '0561933ll_tds.fits');
INSERT INTO applies_to(obs, ref) VALUES ('lc7006ibq', '0561933ll_tds.fits');
INSERT INTO applies_to(obs, ref) VALUES ('lc7005xkq', '0561933ll_tds.fits');
INSERT INTO applies_to(obs, ref) VALUES ('lc7002cpq', 'x1u1459il_brf.fits');
INSERT INTO applies_to(obs, ref) VALUES ('obrz05020', '13a1941go_tds.fits');
INSERT INTO applies_to(obs, ref) VALUES ('lc7005yjq', 'zas1615jl_spot.fits');
INSERT INTO applies_to(obs, ref) VALUES ('lc7005yqq', '14o2013rl_ywalk.fits');
INSERT INTO applies_to(obs, ref) VALUES ('lc7003aeq', 'yae1249sl_bpix.fits');
INSERT INTO applies_to(obs, ref) VALUES ('lc7002czq', '1811831fl_spwcs.fits');
INSERT INTO applies_to(obs, ref) VALUES ('obrz04010', 'n7p1031qo_1dx.fits');
INSERT INTO applies_to(obs, ref) VALUES ('obrz04040', 'l421050oo_lmp.fits');
INSERT INTO applies_to(obs, ref) VALUES ('o64m01030', 'k8m0958bo_cds.fits');
INSERT INTO applies_to(obs, ref) VALUES ('lc7004keq', '0561933jl_phot.fits');
INSERT INTO applies_to(obs, ref) VALUES ('lc7004keq', 'wc318317l_pha.fits');
INSERT INTO applies_to(obs, ref) VALUES ('obrz04030', 'x6417097o_pfl.fits');
INSERT INTO applies_to(obs, ref) VALUES ('lc7001avq', '14o2013ql_xwalk.fits');
INSERT INTO applies_to(obs, ref) VALUES ('lc7001azq', '0bn1606sl_disp.fits');
INSERT INTO applies_to(obs, ref) VALUES ('lctg02ieq', 'ycj1846tl_tds.fits');
INSERT INTO applies_to(obs, ref) VALUES ('lc7001b3q', '0561933ll_tds.fits');
INSERT INTO applies_to(obs, ref) VALUES ('lc7001atq', 'zbn1927gl_gsag.fits');
INSERT INTO applies_to(obs, ref) VALUES ('ocy517gqq', 'h1v11475o_bpx.fits');
INSERT INTO applies_to(obs, ref) VALUES ('lc7005ynq', 'wc318317l_pha.fits');
INSERT INTO applies_to(obs, ref) VALUES ('ocy517gpq', '16j16005o_apd.fits');
INSERT INTO applies_to(obs, ref) VALUES ('lc7003aiq', '0561933jl_phot.fits');
INSERT INTO applies_to(obs, ref) VALUES ('lc7003acq', '14o2013rl_ywalk.fits');
INSERT INTO applies_to(obs, ref) VALUES ('o64m01020', 'm7p16111o_dsp.fits');
INSERT INTO applies_to(obs, ref) VALUES ('ocy517gmq', 'l421050oo_lmp.fits');
INSERT INTO applies_to(obs, ref) VALUES ('ocy5170d0', 'h1v11475o_bpx.fits');
INSERT INTO applies_to(obs, ref) VALUES ('obrz04010', '16j1600eo_ccd.fits');
INSERT INTO applies_to(obs, ref) VALUES ('lctg02ieq', 'yae1249sl_bpix.fits');
INSERT INTO applies_to(obs, ref) VALUES ('lc7005yjq', '0561933ll_tds.fits');
INSERT INTO applies_to(obs, ref) VALUES ('lctg01k1q', '0561933jl_phot.fits');
INSERT INTO applies_to(obs, ref) VALUES ('ocy517gpq', 'qa31608go_1dt.fits');
INSERT INTO applies_to(obs, ref) VALUES ('lc7005ylq', '0561933ll_tds.fits');
INSERT INTO applies_to(obs, ref) VALUES ('lc7004kgq', '0561933ll_tds.fits');
INSERT INTO applies_to(obs, ref) VALUES ('ocy517gkq', 'h5s11397o_iac.fits');
INSERT INTO applies_to(obs, ref) VALUES ('lc7004k2q', '1811831fl_spwcs.fits');
INSERT INTO applies_to(obs, ref) VALUES ('lc7006i6q', '14o2013ql_xwalk.fits');
INSERT INTO applies_to(obs, ref) VALUES ('lc7006isq', '1811831fl_spwcs.fits');
INSERT INTO applies_to(obs, ref) VALUES ('obrz04040', 'p9r19203o_gac.fits');
INSERT INTO applies_to(obs, ref) VALUES ('obrz04020', '13a1941eo_tds.fits');
INSERT INTO applies_to(obs, ref) VALUES ('lc7006j7q', 's7g1700gl_dead.fits');
INSERT INTO applies_to(obs, ref) VALUES ('lc7003aiq', 'x6q17586l_1dx.fits');
INSERT INTO applies_to(obs, ref) VALUES ('lc7004kbq', 'x1u1459gl_geo.fits');
INSERT INTO applies_to(obs, ref) VALUES ('lc7002cpq', 'x1u1459gl_geo.fits');
INSERT INTO applies_to(obs, ref) VALUES ('obrz04030', '16j16006o_sdc.fits');
INSERT INTO applies_to(obs, ref) VALUES ('obrz04020', 'l421050oo_lmp.fits');
INSERT INTO applies_to(obs, ref) VALUES ('lc7005xgq', 'lc7005010_asn.fits');
INSERT INTO applies_to(obs, ref) VALUES ('lc7006igq', 'wc318317l_pha.fits');
INSERT INTO applies_to(obs, ref) VALUES ('obrz05010', 'vb816446o_rip.fits');
INSERT INTO applies_to(obs, ref) VALUES ('o64m01030', 'l3m1437ro_iac.fits');
INSERT INTO applies_to(obs, ref) VALUES ('lc7005yqq', 'yae1249sl_bpix.fits');
INSERT INTO applies_to(obs, ref) VALUES ('ocy517gjq', 'q541740lo_pct.fits');
INSERT INTO applies_to(obs, ref) VALUES ('o64m01030', 'obm1723ro_apd.fits');
INSERT INTO applies_to(obs, ref) VALUES ('lc7005xiq', 'wc318317l_pha.fits');
INSERT INTO applies_to(obs, ref) VALUES ('lctg01j6q', 'wc318317l_pha.fits');
INSERT INTO applies_to(obs, ref) VALUES ('obrz05010', '15o1440ro_pht.fits');
INSERT INTO applies_to(obs, ref) VALUES ('lc7004k6q', 'x6q17586l_1dx.fits');
INSERT INTO applies_to(obs, ref) VALUES ('lc7002crq', 'lc7002020_asn.fits');
INSERT INTO applies_to(obs, ref) VALUES ('o64m01010', 'n7p1032ao_apt.fits');
INSERT INTO applies_to(obs, ref) VALUES ('lc7001arq', 'x6q17586l_1dx.fits');
INSERT INTO applies_to(obs, ref) VALUES ('obrz04030', 'h5s11397o_iac.fits');
INSERT INTO applies_to(obs, ref) VALUES ('lc7002d1q', 'wc318317l_pha.fits');
INSERT INTO applies_to(obs, ref) VALUES ('lc7001axq', 'x6q17586l_1dx.fits');
INSERT INTO applies_to(obs, ref) VALUES ('lc7001azq', 's7g1700gl_dead.fits');
INSERT INTO applies_to(obs, ref) VALUES ('lc7003agq', 'zbn1927gl_gsag.fits');
INSERT INTO applies_to(obs, ref) VALUES ('ocy517giq', 'y2r1559to_apt.fits');
INSERT INTO applies_to(obs, ref) VALUES ('lc7001avq', '0561933ll_tds.fits');
INSERT INTO applies_to(obs, ref) VALUES ('ocy5170d0', 'qa31608go_1dt.fits');
INSERT INTO applies_to(obs, ref) VALUES ('obrz05020', 'vb816447o_rip.fits');
INSERT INTO applies_to(obs, ref) VALUES ('lc7006j7q', '0bn1606sl_disp.fits');
INSERT INTO applies_to(obs, ref) VALUES ('lc7002ctq', 'xab1551cl_flat.fits');
INSERT INTO applies_to(obs, ref) VALUES ('obrz04050', 'w2g1626jo_drk.fits');
INSERT INTO applies_to(obs, ref) VALUES ('lc7004k9q', '14o2013ql_xwalk.fits');
INSERT INTO applies_to(obs, ref) VALUES ('ocy517gnq', 'p822207no_pht.fits');
INSERT INTO applies_to(obs, ref) VALUES ('lc7002ctq', 'x6q17586l_1dx.fits');
INSERT INTO applies_to(obs, ref) VALUES ('lc7003aaq', '0561933jl_phot.fits');
INSERT INTO applies_to(obs, ref) VALUES ('lc7004koq', 's7g1700gl_dead.fits');
INSERT INTO applies_to(obs, ref) VALUES ('obrz04030', 'obrz04030_asn.fits');
INSERT INTO applies_to(obs, ref) VALUES ('lctg02ijq', '0561933jl_phot.fits');
INSERT INTO applies_to(obs, ref) VALUES ('lc7006isq', 'yae1249sl_bpix.fits');
INSERT INTO applies_to(obs, ref) VALUES ('lc7005ylq', '0561933jl_phot.fits');
INSERT INTO applies_to(obs, ref) VALUES ('lc7003a6q', 'u1t1616ql_wcp.fits');
INSERT INTO applies_to(obs, ref) VALUES ('lctg01kcq', 'wc318317l_pha.fits');
INSERT INTO applies_to(obs, ref) VALUES ('ocy517gpq', '0521335lo_bia.fits');
INSERT INTO applies_to(obs, ref) VALUES ('lctg02ijq', 'x6q17586l_1dx.fits');
INSERT INTO applies_to(obs, ref) VALUES ('lc7006idq', '14o2013ql_xwalk.fits');
INSERT INTO applies_to(obs, ref) VALUES ('lc7004k4q', 'zbn1927gl_gsag.fits');
INSERT INTO applies_to(obs, ref) VALUES ('lc7003acq', '0561933ll_tds.fits');
INSERT INTO applies_to(obs, ref) VALUES ('lc7003a4q', '1811831fl_spwcs.fits');
INSERT INTO applies_to(obs, ref) VALUES ('lc7002ctq', 'lc7002020_asn.fits');
INSERT INTO applies_to(obs, ref) VALUES ('lc7001b1q', 'lc7001040_asn.fits');
INSERT INTO applies_to(obs, ref) VALUES ('o64m01050', 'q9s1550lo_tds.fits');
INSERT INTO applies_to(obs, ref) VALUES ('obrz04040', 'pcc2026ko_lfl.fits');
INSERT INTO applies_to(obs, ref) VALUES ('lc7004koq', '1811827rl_lamp.fits');
INSERT INTO applies_to(obs, ref) VALUES ('obrz04040', 'q541740po_pct.fits');
INSERT INTO applies_to(obs, ref) VALUES ('lc7002crq', 'u1t1616ql_wcp.fits');
INSERT INTO applies_to(obs, ref) VALUES ('lc7005xkq', 'x6q17586l_1dx.fits');
INSERT INTO applies_to(obs, ref) VALUES ('lctg02i9q', 'zbn1927fl_gsag.fits');
INSERT INTO applies_to(obs, ref) VALUES ('lc7005xgq', '1811831fl_spwcs.fits');
INSERT INTO applies_to(obs, ref) VALUES ('ocy517gnq', '05213364o_drk.fits');
INSERT INTO applies_to(obs, ref) VALUES ('lc7005ynq', 'x6q17586l_1dx.fits');
INSERT INTO applies_to(obs, ref) VALUES ('lc7003agq', '1811827rl_lamp.fits');
INSERT INTO applies_to(obs, ref) VALUES ('lc7006isq', 'x1u1459il_brf.fits');
INSERT INTO applies_to(obs, ref) VALUES ('o57315040', 'obm1723lo_sdc.fits');
INSERT INTO applies_to(obs, ref) VALUES ('lc7004k9q', '0bn1606sl_disp.fits');
INSERT INTO applies_to(obs, ref) VALUES ('obrz04030', 'j3m1403io_crr.fits');
INSERT INTO applies_to(obs, ref) VALUES ('lc7001axq', '14o2013ql_xwalk.fits');
INSERT INTO applies_to(obs, ref) VALUES ('lc7003aeq', 'x1u1459gl_geo.fits');
INSERT INTO applies_to(obs, ref) VALUES ('lc7004kgq', '1811827rl_lamp.fits');
INSERT INTO applies_to(obs, ref) VALUES ('lc7005xgq', '0561933jl_phot.fits');
INSERT INTO applies_to(obs, ref) VALUES ('lc7006ibq', 'xab1551cl_flat.fits');
INSERT INTO applies_to(obs, ref) VALUES ('lc7004keq', '14o2013ql_xwalk.fits');
INSERT INTO applies_to(obs, ref) VALUES ('lc7001arq', '0bn1606sl_disp.fits');
INSERT INTO applies_to(obs, ref) VALUES ('ocy517gqq', 'p822207no_pht.fits');
INSERT INTO applies_to(obs, ref) VALUES ('obrz05010', '16j16005o_apd.fits');
INSERT INTO applies_to(obs, ref) VALUES ('lc7006iuq', 'xab1551cl_flat.fits');
INSERT INTO applies_to(obs, ref) VALUES ('lctg01k1q', 'x1u1459il_brf.fits');
INSERT INTO applies_to(obs, ref) VALUES ('lc7005ylq', 'wc318317l_pha.fits');
INSERT INTO applies_to(obs, ref) VALUES ('o64m01040', 'k8m0958co_ech.fits');
INSERT INTO applies_to(obs, ref) VALUES ('lc7003aaq', '0561933ll_tds.fits');
INSERT INTO applies_to(obs, ref) VALUES ('lctg01kcq', 'x6q17586l_1dx.fits');
INSERT INTO applies_to(obs, ref) VALUES ('lctg02ieq', '14o2013rl_ywalk.fits');
INSERT INTO applies_to(obs, ref) VALUES ('ocy517giq', 'h5s11397o_iac.fits');
INSERT INTO applies_to(obs, ref) VALUES ('obrz05030', 'l3m1437to_1dx.fits');
INSERT INTO applies_to(obs, ref) VALUES ('obrz04040', 'h1v11475o_bpx.fits');
INSERT INTO applies_to(obs, ref) VALUES ('lc7002cvq', 'x1u1459gl_geo.fits');
INSERT INTO applies_to(obs, ref) VALUES ('lc7003a8q', 'wc318317l_pha.fits');
INSERT INTO applies_to(obs, ref) VALUES ('obrz04010', 'h5s11397o_iac.fits');
INSERT INTO applies_to(obs, ref) VALUES ('lc7003a8q', '14o2013ql_xwalk.fits');
INSERT INTO applies_to(obs, ref) VALUES ('lc7005ynq', '0561933jl_phot.fits');
INSERT INTO applies_to(obs, ref) VALUES ('lctg02ijq', 'zas1615jl_spot.fits');
INSERT INTO applies_to(obs, ref) VALUES ('lc7006j7q', '1811827rl_lamp.fits');
INSERT INTO applies_to(obs, ref) VALUES ('lc7002cpq', '14o2013ql_xwalk.fits');
INSERT INTO applies_to(obs, ref) VALUES ('o64m01040', 'l3m1437to_1dx.fits');
INSERT INTO applies_to(obs, ref) VALUES ('ocy5170d0', 'p9r19203o_gac.fits');
INSERT INTO applies_to(obs, ref) VALUES ('lc7002ctq', 'wc318317l_pha.fits');
INSERT INTO applies_to(obs, ref) VALUES ('lc7002cxq', '1811827rl_lamp.fits');
INSERT INTO applies_to(obs, ref) VALUES ('lc7002crq', 'x6q17586l_1dx.fits');
INSERT INTO applies_to(obs, ref) VALUES ('lc7006isq', 's7g1700gl_dead.fits');
INSERT INTO applies_to(obs, ref) VALUES ('ocy517goq', 'qa31608go_1dt.fits');
INSERT INTO applies_to(obs, ref) VALUES ('lc7005xgq', 's7g1700gl_dead.fits');
INSERT INTO applies_to(obs, ref) VALUES ('lc7006ibq', '1811827rl_lamp.fits');
INSERT INTO applies_to(obs, ref) VALUES ('lctg01kcq', 'ycj1846tl_tds.fits');
INSERT INTO applies_to(obs, ref) VALUES ('o64m01020', 'k8m0958ho_tel.fits');
INSERT INTO applies_to(obs, ref) VALUES ('lctg02irq', '14o2013rl_ywalk.fits');
INSERT INTO applies_to(obs, ref) VALUES ('lc7003aiq', 'lc7003050_asn.fits');
INSERT INTO applies_to(obs, ref) VALUES ('ocy517glq', 'y2i1649no_imp.fits');
INSERT INTO applies_to(obs, ref) VALUES ('lc7006isq', 'zas1615jl_spot.fits');
INSERT INTO applies_to(obs, ref) VALUES ('ocy517gkq', 'l2j0137to_dsp.fits');
INSERT INTO applies_to(obs, ref) VALUES ('lc7001avq', 'x1u1459il_brf.fits');
INSERT INTO applies_to(obs, ref) VALUES ('lctg02ijq', 'u1t1616ql_wcp.fits');
INSERT INTO applies_to(obs, ref) VALUES ('lc7001axq', '1811827rl_lamp.fits');
INSERT INTO applies_to(obs, ref) VALUES ('lc7004k2q', 'x1u1459il_brf.fits');
INSERT INTO applies_to(obs, ref) VALUES ('lc7001b3q', 'lc7001050_asn.fits');
INSERT INTO applies_to(obs, ref) VALUES ('o64m01010', 'n2o1817fo_pct.fits');
INSERT INTO applies_to(obs, ref) VALUES ('lc7002d1q', '1811831fl_spwcs.fits');
INSERT INTO applies_to(obs, ref) VALUES ('ocy517goq', 'p9r19203o_gac.fits');
INSERT INTO applies_to(obs, ref) VALUES ('lc7005yjq', 'x1u1459il_brf.fits');
INSERT INTO applies_to(obs, ref) VALUES ('ocy517giq', 'p822207no_pht.fits');
INSERT INTO applies_to(obs, ref) VALUES ('lc7003a8q', '0561933jl_phot.fits');
INSERT INTO applies_to(obs, ref) VALUES ('lc7006iuq', 'lc7006040_asn.fits');
INSERT INTO applies_to(obs, ref) VALUES ('lc7006j7q', 'lc7006050_asn.fits');
INSERT INTO applies_to(obs, ref) VALUES ('lc7006idq', 'xab1551cl_flat.fits');
INSERT INTO applies_to(obs, ref) VALUES ('lc7003acq', 'lc7003030_asn.fits');
INSERT INTO applies_to(obs, ref) VALUES ('o64m01010', 'k8m0958ho_tel.fits');
INSERT INTO applies_to(obs, ref) VALUES ('o64m01050', 'obm1723ro_apd.fits');
INSERT INTO applies_to(obs, ref) VALUES ('obrz05010', 'j9r16559o_lin.fits');
INSERT INTO applies_to(obs, ref) VALUES ('obrz04030', '16j1600eo_ccd.fits');
INSERT INTO applies_to(obs, ref) VALUES ('obrz05030', 'l421050oo_lmp.fits');
INSERT INTO applies_to(obs, ref) VALUES ('o64m01030', 'l3m1437to_1dx.fits');
INSERT INTO applies_to(obs, ref) VALUES ('ocy517gjq', 'y2i1649no_imp.fits');
INSERT INTO applies_to(obs, ref) VALUES ('lc7005xiq', '0561933ll_tds.fits');
INSERT INTO applies_to(obs, ref) VALUES ('lc7004k9q', 'wc318317l_pha.fits');
INSERT INTO applies_to(obs, ref) VALUES ('o64m01040', 'mbj1658do_pfl.fits');
INSERT INTO applies_to(obs, ref) VALUES ('lc7004k2q', '0561933jl_phot.fits');
INSERT INTO applies_to(obs, ref) VALUES ('lc7006igq', '1811831fl_spwcs.fits');
INSERT INTO applies_to(obs, ref) VALUES ('lc7001azq', '14o2013rl_ywalk.fits');
INSERT INTO applies_to(obs, ref) VALUES ('lc7004k2q', '14o2013ql_xwalk.fits');
INSERT INTO applies_to(obs, ref) VALUES ('lc7004kbq', '0bn1606sl_disp.fits');
INSERT INTO applies_to(obs, ref) VALUES ('lc7001b5q', '0561933ll_tds.fits');
INSERT INTO applies_to(obs, ref) VALUES ('lc7001b5q', 's7g1700gl_dead.fits');
INSERT INTO applies_to(obs, ref) VALUES ('ocy517gqq', 'h5s11397o_iac.fits');
INSERT INTO applies_to(obs, ref) VALUES ('lc7004kgq', 'xab1551cl_flat.fits');
INSERT INTO applies_to(obs, ref) VALUES ('lc7006igq', '0561933jl_phot.fits');
INSERT INTO applies_to(obs, ref) VALUES ('lc7004k9q', 'u1t1616ql_wcp.fits');
INSERT INTO applies_to(obs, ref) VALUES ('lc7005ylq', 'yae1249sl_bpix.fits');
INSERT INTO applies_to(obs, ref) VALUES ('lc7004k6q', '0561933ll_tds.fits');
INSERT INTO applies_to(obs, ref) VALUES ('ocy517gpq', 'y2i1649no_imp.fits');
INSERT INTO applies_to(obs, ref) VALUES ('obrz04040', 'obrz04040_asn.fits');
INSERT INTO applies_to(obs, ref) VALUES ('lc7002ctq', '0bn1606sl_disp.fits');
INSERT INTO applies_to(obs, ref) VALUES ('lc7003aiq', 'xab1551cl_flat.fits');
INSERT INTO applies_to(obs, ref) VALUES ('lc7003a4q', 'wc318317l_pha.fits');
INSERT INTO applies_to(obs, ref) VALUES ('lctg01k1q', 'zas1615jl_spot.fits');
INSERT INTO applies_to(obs, ref) VALUES ('lctg02ieq', 'u1t1616ql_wcp.fits');
INSERT INTO applies_to(obs, ref) VALUES ('lc7005ylq', 'x1u1459gl_geo.fits');
INSERT INTO applies_to(obs, ref) VALUES ('lc7001atq', '14o2013ql_xwalk.fits');
INSERT INTO applies_to(obs, ref) VALUES ('lctg02ijq', 'wc318317l_pha.fits');
INSERT INTO applies_to(obs, ref) VALUES ('ocy517gpq', '13a1941eo_tds.fits');
INSERT INTO applies_to(obs, ref) VALUES ('lctg01kcq', '1811831fl_spwcs.fits');
INSERT INTO applies_to(obs, ref) VALUES ('lc7002d1q', 'u1t1616ql_wcp.fits');
INSERT INTO applies_to(obs, ref) VALUES ('ocy5170d0', 'y2r1559to_apt.fits');
INSERT INTO applies_to(obs, ref) VALUES ('lc7004kgq', 'zbn1927gl_gsag.fits');
INSERT INTO applies_to(obs, ref) VALUES ('lc7004koq', '14o2013rl_ywalk.fits');
INSERT INTO applies_to(obs, ref) VALUES ('lc7004koq', 'x1u1459gl_geo.fits');
INSERT INTO applies_to(obs, ref) VALUES ('lc7001b1q', '14o2013ql_xwalk.fits');
INSERT INTO applies_to(obs, ref) VALUES ('o64m01010', 'k8m0958eo_hal.fits');
INSERT INTO applies_to(obs, ref) VALUES ('lc7001b3q', '0bn1606sl_disp.fits');
INSERT INTO applies_to(obs, ref) VALUES ('o64m01040', 'obm1723po_sdc.fits');
INSERT INTO applies_to(obs, ref) VALUES ('lc7004kbq', 'zbn1927gl_gsag.fits');
INSERT INTO applies_to(obs, ref) VALUES ('o64m01020', 'h4s1350ko_moc.fits');
INSERT INTO applies_to(obs, ref) VALUES ('obrz05020', '16j1600bo_sdc.fits');
INSERT INTO applies_to(obs, ref) VALUES ('ocy517gnq', 'x6417094o_pfl.fits');
INSERT INTO applies_to(obs, ref) VALUES ('lctg02ieq', 'zas1615jl_spot.fits');
INSERT INTO applies_to(obs, ref) VALUES ('lc7004k6q', '1811831fl_spwcs.fits');
INSERT INTO applies_to(obs, ref) VALUES ('lc7003aiq', 'u1t1616ql_wcp.fits');
INSERT INTO applies_to(obs, ref) VALUES ('o64m01050', 'qb319513o_pht.fits');
INSERT INTO applies_to(obs, ref) VALUES ('ocy517giq', 'q541740lo_pct.fits');
INSERT INTO applies_to(obs, ref) VALUES ('ocy517gnq', 'q541740no_pct.fits');
INSERT INTO applies_to(obs, ref) VALUES ('lctg02ieq', 'xab1551cl_flat.fits');
INSERT INTO applies_to(obs, ref) VALUES ('lc7005ylq', '1811827rl_lamp.fits');
INSERT INTO applies_to(obs, ref) VALUES ('obrz05010', 'uce15153o_bpx.fits');
INSERT INTO applies_to(obs, ref) VALUES ('lc7001b1q', '0561933ll_tds.fits');
INSERT INTO applies_to(obs, ref) VALUES ('lc7003aaq', 'wc318317l_pha.fits');
INSERT INTO applies_to(obs, ref) VALUES ('ocy517glq', 'n7p1031qo_1dx.fits');
INSERT INTO applies_to(obs, ref) VALUES ('o64m01020', 'hcm14407o_bpx.fits');
INSERT INTO applies_to(obs, ref) VALUES ('lc7004k2q', '0561933ll_tds.fits');
INSERT INTO applies_to(obs, ref) VALUES ('lc7001b3q', 'zas1615jl_spot.fits');
INSERT INTO applies_to(obs, ref) VALUES ('lc7004k6q', 'x1u1459il_brf.fits');
INSERT INTO applies_to(obs, ref) VALUES ('lc7006ixq', '1811831fl_spwcs.fits');
INSERT INTO applies_to(obs, ref) VALUES ('lc7004k6q', 'wc318317l_pha.fits');
INSERT INTO applies_to(obs, ref) VALUES ('lc7002czq', '1811827rl_lamp.fits');
INSERT INTO applies_to(obs, ref) VALUES ('lc7002crq', 's7g1700gl_dead.fits');
INSERT INTO applies_to(obs, ref) VALUES ('lc7006isq', 'wc318317l_pha.fits');
INSERT INTO applies_to(obs, ref) VALUES ('lctg01kcq', 'lctg01010_asn.fits');
INSERT INTO applies_to(obs, ref) VALUES ('lc7003aiq', '1811831fl_spwcs.fits');
INSERT INTO applies_to(obs, ref) VALUES ('o64m01010', 'lag1815lo_wcp.fits');
INSERT INTO applies_to(obs, ref) VALUES ('lc7003aiq', '0bn1606sl_disp.fits');
INSERT INTO applies_to(obs, ref) VALUES ('ocy517gkq', '16j16006o_sdc.fits');
INSERT INTO applies_to(obs, ref) VALUES ('ocy517giq', 'j3m1403io_crr.fits');
INSERT INTO applies_to(obs, ref) VALUES ('lc7003a6q', '14o2013rl_ywalk.fits');
INSERT INTO applies_to(obs, ref) VALUES ('lc7003acq', 'x1u1459gl_geo.fits');
INSERT INTO applies_to(obs, ref) VALUES ('lc7001atq', '0561933ll_tds.fits');
INSERT INTO applies_to(obs, ref) VALUES ('lc7003aeq', 'zbn1927gl_gsag.fits');
INSERT INTO applies_to(obs, ref) VALUES ('lctg02ijq', 'zbn1927fl_gsag.fits');
INSERT INTO applies_to(obs, ref) VALUES ('lc7005yqq', '0561933jl_phot.fits');
INSERT INTO applies_to(obs, ref) VALUES ('lc7005ygq', 's7g1700gl_dead.fits');
INSERT INTO applies_to(obs, ref) VALUES ('o57315040', 'l421050oo_lmp.fits');
INSERT INTO applies_to(obs, ref) VALUES ('ocy517gjq', '0521335lo_bia.fits');
INSERT INTO applies_to(obs, ref) VALUES ('lc7006igq', 'xab1551cl_flat.fits');
INSERT INTO applies_to(obs, ref) VALUES ('lc7005ygq', '0561933ll_tds.fits');
INSERT INTO applies_to(obs, ref) VALUES ('lc7001atq', 's7g1700gl_dead.fits');
INSERT INTO applies_to(obs, ref) VALUES ('o64m01040', 'k8m0958do_exs.fits');
INSERT INTO applies_to(obs, ref) VALUES ('o64m01040', 'h4s1350ko_moc.fits');
INSERT INTO applies_to(obs, ref) VALUES ('lctg01kcq', 'u1t1616ql_wcp.fits');
INSERT INTO applies_to(obs, ref) VALUES ('lctg01j6q', 'lctg01010_asn.fits');
INSERT INTO applies_to(obs, ref) VALUES ('lc7002cnq', '1811831fl_spwcs.fits');
INSERT INTO applies_to(obs, ref) VALUES ('lc7003a4q', '0561933ll_tds.fits');
INSERT INTO applies_to(obs, ref) VALUES ('lc7003acq', '1811827rl_lamp.fits');
INSERT INTO applies_to(obs, ref) VALUES ('obrz04050', 'y2r1559to_apt.fits');
INSERT INTO applies_to(obs, ref) VALUES ('lc7002cnq', '0561933ll_tds.fits');
INSERT INTO applies_to(obs, ref) VALUES ('lctg01j6q', '0bn1606sl_disp.fits');
INSERT INTO applies_to(obs, ref) VALUES ('lc7001arq', 'zbn1927gl_gsag.fits');
INSERT INTO applies_to(obs, ref) VALUES ('lctg02hiq', 'xab1551cl_flat.fits');
INSERT INTO applies_to(obs, ref) VALUES ('ocy517gjq', 'x6417092o_pfl.fits');
INSERT INTO applies_to(obs, ref) VALUES ('lctg02i9q', '0bn1606sl_disp.fits');
INSERT INTO applies_to(obs, ref) VALUES ('lc7005ynq', 'lc7005050_asn.fits');
INSERT INTO applies_to(obs, ref) VALUES ('lc7001avq', '1811831fl_spwcs.fits');
INSERT INTO applies_to(obs, ref) VALUES ('lctg02irq', '1811827rl_lamp.fits');
INSERT INTO applies_to(obs, ref) VALUES ('lctg02ieq', '0bn1606sl_disp.fits');
INSERT INTO applies_to(obs, ref) VALUES ('lc7001arq', 'yae1249sl_bpix.fits');
INSERT INTO applies_to(obs, ref) VALUES ('o64m01040', 'l3m1437ro_iac.fits');
INSERT INTO applies_to(obs, ref) VALUES ('ocy517gjq', '16j16005o_apd.fits');
INSERT INTO applies_to(obs, ref) VALUES ('lc7001avq', '1811827rl_lamp.fits');
INSERT INTO applies_to(obs, ref) VALUES ('lc7005ylq', 'zbn1927gl_gsag.fits');
INSERT INTO applies_to(obs, ref) VALUES ('lc7006igq', 'yae1249sl_bpix.fits');
INSERT INTO applies_to(obs, ref) VALUES ('ocy517gnq', '16j1600co_wcp.fits');
INSERT INTO applies_to(obs, ref) VALUES ('lc7006idq', '1811827rl_lamp.fits');
INSERT INTO applies_to(obs, ref) VALUES ('lc7006isq', 'u1t1616ql_wcp.fits');
INSERT INTO applies_to(obs, ref) VALUES ('o64m01030', 'k8m0958eo_hal.fits');
INSERT INTO applies_to(obs, ref) VALUES ('lc7006ibq', '0bn1606sl_disp.fits');
INSERT INTO applies_to(obs, ref) VALUES ('o64m01010', 'hcm14407o_bpx.fits');
INSERT INTO applies_to(obs, ref) VALUES ('lc7004k4q', '0561933ll_tds.fits');
INSERT INTO applies_to(obs, ref) VALUES ('ocy517goq', '16j16005o_apd.fits');
INSERT INTO applies_to(obs, ref) VALUES ('o64m01020', 'k8m0958do_exs.fits');
INSERT INTO applies_to(obs, ref) VALUES ('ocy517gjq', '16j1600do_ccd.fits');
INSERT INTO applies_to(obs, ref) VALUES ('lctg01j6q', 'x1u1459il_brf.fits');
INSERT INTO applies_to(obs, ref) VALUES ('obrz05010', '16j1600co_wcp.fits');
INSERT INTO applies_to(obs, ref) VALUES ('lc7006iuq', '0561933ll_tds.fits');
INSERT INTO applies_to(obs, ref) VALUES ('lc7005ynq', 'xab1551cl_flat.fits');
INSERT INTO applies_to(obs, ref) VALUES ('lc7004k9q', 'x1u1459il_brf.fits');
INSERT INTO applies_to(obs, ref) VALUES ('lc7001arq', '14o2013rl_ywalk.fits');
INSERT INTO applies_to(obs, ref) VALUES ('obrz05020', 'xaf1519so_tdc.fits');
INSERT INTO applies_to(obs, ref) VALUES ('lc7002cxq', '0bn1606sl_disp.fits');
INSERT INTO applies_to(obs, ref) VALUES ('lc7002ctq', 'zas1615jl_spot.fits');
INSERT INTO applies_to(obs, ref) VALUES ('obrz05030', 'k8m0958bo_cds.fits');
INSERT INTO applies_to(obs, ref) VALUES ('obrz05010', 'mbj1658bo_pfl.fits');
INSERT INTO applies_to(obs, ref) VALUES ('ocy517gmq', 'qa31608go_1dt.fits');
INSERT INTO applies_to(obs, ref) VALUES ('lctg02ieq', 'wc318317l_pha.fits');
INSERT INTO applies_to(obs, ref) VALUES ('o64m01020', 'k8m0958eo_hal.fits');
INSERT INTO applies_to(obs, ref) VALUES ('obrz04040', '13a1941eo_tds.fits');
INSERT INTO applies_to(obs, ref) VALUES ('lc7001b5q', '1811827rl_lamp.fits');
INSERT INTO applies_to(obs, ref) VALUES ('lctg02irq', 'x6q17586l_1dx.fits');
INSERT INTO applies_to(obs, ref) VALUES ('lctg02ieq', 'x1u1459il_brf.fits');
INSERT INTO applies_to(obs, ref) VALUES ('ocy517glq', 'y2r1559to_apt.fits');
INSERT INTO applies_to(obs, ref) VALUES ('lc7006idq', '1811831fl_spwcs.fits');
INSERT INTO applies_to(obs, ref) VALUES ('ocy517gnq', 'pcc2026jo_lfl.fits');
INSERT INTO applies_to(obs, ref) VALUES ('lctg02ijq', '0bn1606sl_disp.fits');
INSERT INTO applies_to(obs, ref) VALUES ('ocy517glq', '16j1600co_wcp.fits');
INSERT INTO applies_to(obs, ref) VALUES ('obrz05010', 'm7p16110o_dsp.fits');
INSERT INTO applies_to(obs, ref) VALUES ('lc7002cvq', 'yae1249sl_bpix.fits');
INSERT INTO applies_to(obs, ref) VALUES ('lc7004kgq', '14o2013ql_xwalk.fits');
INSERT INTO applies_to(obs, ref) VALUES ('o64m01010', 'q9s1550lo_tds.fits');
INSERT INTO applies_to(obs, ref) VALUES ('lc7006i6q', 'wc318317l_pha.fits');
INSERT INTO applies_to(obs, ref) VALUES ('lc7001axq', 'x1u1459il_brf.fits');
INSERT INTO applies_to(obs, ref) VALUES ('lctg02irq', 's7g1700gl_dead.fits');
INSERT INTO applies_to(obs, ref) VALUES ('ocy517giq', 'h1v11475o_bpx.fits');
INSERT INTO applies_to(obs, ref) VALUES ('lc7003a8q', 'zas1615jl_spot.fits');
INSERT INTO applies_to(obs, ref) VALUES ('lctg01kcq', 'x1u1459il_brf.fits');
INSERT INTO applies_to(obs, ref) VALUES ('ocy517gkq', 'p822207no_pht.fits');
INSERT INTO applies_to(obs, ref) VALUES ('lc7005yjq', 'u1t1616ql_wcp.fits');
INSERT INTO applies_to(obs, ref) VALUES ('obrz05010', 'q8l14504o_1dt.fits');
INSERT INTO applies_to(obs, ref) VALUES ('lc7006idq', 'x1u1459il_brf.fits');
INSERT INTO applies_to(obs, ref) VALUES ('lctg02hiq', 'x1u1459gl_geo.fits');
INSERT INTO applies_to(obs, ref) VALUES ('ocy517gmq', '05213364o_drk.fits');
INSERT INTO applies_to(obs, ref) VALUES ('o64m01050', 'k8m0958bo_cds.fits');
INSERT INTO applies_to(obs, ref) VALUES ('lctg01j6q', 'x1u1459gl_geo.fits');
INSERT INTO applies_to(obs, ref) VALUES ('o57315040', 'q4a1311fo_ccd.fits');
INSERT INTO applies_to(obs, ref) VALUES ('lctg01k5q', 'zbn1927fl_gsag.fits');
INSERT INTO applies_to(obs, ref) VALUES ('o64m01040', 'k8m0958go_srw.fits');
INSERT INTO applies_to(obs, ref) VALUES ('ocy517giq', 'n7p1031qo_1dx.fits');
INSERT INTO applies_to(obs, ref) VALUES ('lc7001azq', 'lc7001030_asn.fits');
INSERT INTO applies_to(obs, ref) VALUES ('ocy517goq', '16j1600do_ccd.fits');
INSERT INTO applies_to(obs, ref) VALUES ('lc7005ynq', 'x1u1459gl_geo.fits');
INSERT INTO applies_to(obs, ref) VALUES ('ocy517gjq', 'j3m1403io_crr.fits');
INSERT INTO applies_to(obs, ref) VALUES ('ocy517gkq', 'q541740lo_pct.fits');
INSERT INTO applies_to(obs, ref) VALUES ('lc7005ygq', 'wc318317l_pha.fits');
INSERT INTO applies_to(obs, ref) VALUES ('lc7005ynq', 's7g1700gl_dead.fits');
INSERT INTO applies_to(obs, ref) VALUES ('lc7002ctq', '14o2013ql_xwalk.fits');
INSERT INTO applies_to(obs, ref) VALUES ('lc7001atq', '1811831fl_spwcs.fits');
INSERT INTO applies_to(obs, ref) VALUES ('lc7006j7q', 'xab1551cl_flat.fits');
INSERT INTO applies_to(obs, ref) VALUES ('lc7002cpq', 'wc318317l_pha.fits');
INSERT INTO applies_to(obs, ref) VALUES ('lc7002cvq', 'x6q17586l_1dx.fits');
INSERT INTO applies_to(obs, ref) VALUES ('lc7001b1q', 's7g1700gl_dead.fits');
INSERT INTO applies_to(obs, ref) VALUES ('lc7003a4q', 'lc7003010_asn.fits');
INSERT INTO applies_to(obs, ref) VALUES ('lctg02i9q', 'x6q17586l_1dx.fits');
INSERT INTO applies_to(obs, ref) VALUES ('obrz04030', 'q541740qo_pct.fits');
INSERT INTO applies_to(obs, ref) VALUES ('lc7003acq', 'u1t1616ql_wcp.fits');
INSERT INTO applies_to(obs, ref) VALUES ('lc7004k2q', 'u1t1616ql_wcp.fits');
INSERT INTO applies_to(obs, ref) VALUES ('obrz04020', 'q541740oo_pct.fits');
INSERT INTO applies_to(obs, ref) VALUES ('ocy517goq', '0521335lo_bia.fits');
INSERT INTO applies_to(obs, ref) VALUES ('lc7004kbq', '14o2013ql_xwalk.fits');
INSERT INTO applies_to(obs, ref) VALUES ('lc7001azq', 'wc318317l_pha.fits');
INSERT INTO applies_to(obs, ref) VALUES ('lc7003acq', 'zas1615jl_spot.fits');
INSERT INTO applies_to(obs, ref) VALUES ('lctg02i9q', 'u1t1616ql_wcp.fits');
INSERT INTO applies_to(obs, ref) VALUES ('ocy517glq', 'x6417092o_pfl.fits');
INSERT INTO applies_to(obs, ref) VALUES ('ocy5170d0', '0521335io_bia.fits');
INSERT INTO applies_to(obs, ref) VALUES ('obrz05020', 'k8m0958do_exs.fits');
INSERT INTO applies_to(obs, ref) VALUES ('lc7002cxq', 'wc318317l_pha.fits');
INSERT INTO applies_to(obs, ref) VALUES ('lc7006ibq', 'zas1615jl_spot.fits');
INSERT INTO applies_to(obs, ref) VALUES ('lc7006ixq', '1811827rl_lamp.fits');
INSERT INTO applies_to(obs, ref) VALUES ('lc7002czq', '0561933ll_tds.fits');
INSERT INTO applies_to(obs, ref) VALUES ('lctg02i9q', 's7g1700gl_dead.fits');
INSERT INTO applies_to(obs, ref) VALUES ('o64m01050', 'o64m01050_asn.fits');
INSERT INTO applies_to(obs, ref) VALUES ('ocy517giq', '16j16005o_apd.fits');
INSERT INTO applies_to(obs, ref) VALUES ('lc7003aiq', '0561933ll_tds.fits');
INSERT INTO applies_to(obs, ref) VALUES ('ocy517glq', 'pcc2026io_lfl.fits');
INSERT INTO applies_to(obs, ref) VALUES ('lc7003aaq', '1811827rl_lamp.fits');
INSERT INTO applies_to(obs, ref) VALUES ('lc7002crq', '1811831fl_spwcs.fits');
INSERT INTO applies_to(obs, ref) VALUES ('lc7003a4q', '14o2013rl_ywalk.fits');
INSERT INTO applies_to(obs, ref) VALUES ('obrz04020', 'y2r1559to_apt.fits');
INSERT INTO applies_to(obs, ref) VALUES ('lc7003aeq', 'zas1615jl_spot.fits');
INSERT INTO applies_to(obs, ref) VALUES ('lc7003a6q', '14o2013ql_xwalk.fits');
INSERT INTO applies_to(obs, ref) VALUES ('obrz05020', 'j9r16559o_lin.fits');
INSERT INTO applies_to(obs, ref) VALUES ('lc7006ibq', 'x1u1459gl_geo.fits');
INSERT INTO applies_to(obs, ref) VALUES ('lctg01k5q', 'yae1249sl_bpix.fits');
INSERT INTO applies_to(obs, ref) VALUES ('lc7003aaq', 's7g1700gl_dead.fits');
INSERT INTO applies_to(obs, ref) VALUES ('lc7002crq', '0561933jl_phot.fits');
INSERT INTO applies_to(obs, ref) VALUES ('lc7006j7q', 'yae1249sl_bpix.fits');
INSERT INTO applies_to(obs, ref) VALUES ('lc7004kgq', 's7g1700gl_dead.fits');
INSERT INTO applies_to(obs, ref) VALUES ('lc7006i6q', 'zas1615jl_spot.fits');
INSERT INTO applies_to(obs, ref) VALUES ('obrz05030', 'vb816448o_pht.fits');
INSERT INTO applies_to(obs, ref) VALUES ('lc7004kgq', '1811831fl_spwcs.fits');
INSERT INTO applies_to(obs, ref) VALUES ('ocy517gpq', 'l421050oo_lmp.fits');
INSERT INTO applies_to(obs, ref) VALUES ('lc7003a8q', 'x1u1459il_brf.fits');
INSERT INTO applies_to(obs, ref) VALUES ('o64m01010', 'k8m0958co_ech.fits');
INSERT INTO applies_to(obs, ref) VALUES ('lc7005yqq', 'x6q17586l_1dx.fits');
INSERT INTO applies_to(obs, ref) VALUES ('o64m01040', 'k8m0958ho_tel.fits');
INSERT INTO applies_to(obs, ref) VALUES ('obrz05030', 'l3m1437ro_iac.fits');
INSERT INTO applies_to(obs, ref) VALUES ('lctg02irq', 'x1u1459gl_geo.fits');
INSERT INTO applies_to(obs, ref) VALUES ('lc7006idq', '0561933jl_phot.fits');
INSERT INTO applies_to(obs, ref) VALUES ('obrz05020', 'tcl1742bo_drk.fits');
INSERT INTO applies_to(obs, ref) VALUES ('o57315040', 'p822207no_pht.fits');
INSERT INTO applies_to(obs, ref) VALUES ('lc7003a8q', '1811831fl_spwcs.fits');
INSERT INTO applies_to(obs, ref) VALUES ('lc7005xiq', 'x1u1459il_brf.fits');
INSERT INTO applies_to(obs, ref) VALUES ('lctg01k1q', 'x6q17586l_1dx.fits');
INSERT INTO applies_to(obs, ref) VALUES ('obrz04050', '16j16005o_apd.fits');
INSERT INTO applies_to(obs, ref) VALUES ('obrz05020', 'h5s1140ko_lfl.fits');
INSERT INTO applies_to(obs, ref) VALUES ('obrz05010', 'n7p10323o_1dx.fits');
INSERT INTO applies_to(obs, ref) VALUES ('lc7005ylq', 'xab1551cl_flat.fits');
INSERT INTO applies_to(obs, ref) VALUES ('ocy517goq', '05213364o_drk.fits');
INSERT INTO applies_to(obs, ref) VALUES ('obrz04010', 'l421050oo_lmp.fits');
INSERT INTO applies_to(obs, ref) VALUES ('lc7004k4q', '14o2013rl_ywalk.fits');
INSERT INTO applies_to(obs, ref) VALUES ('ocy517goq', '16j16006o_sdc.fits');
INSERT INTO applies_to(obs, ref) VALUES ('lc7004keq', 'zbn1927gl_gsag.fits');
INSERT INTO applies_to(obs, ref) VALUES ('lc7003aeq', '1811827rl_lamp.fits');
INSERT INTO applies_to(obs, ref) VALUES ('ocy517giq', '16j16006o_sdc.fits');
INSERT INTO applies_to(obs, ref) VALUES ('o64m01050', 'j9r16559o_lin.fits');
INSERT INTO applies_to(obs, ref) VALUES ('lc7004k4q', 'zas1615jl_spot.fits');
INSERT INTO applies_to(obs, ref) VALUES ('lc7006ixq', 'zbn1927gl_gsag.fits');
INSERT INTO applies_to(obs, ref) VALUES ('ocy517gkq', 'y2i1649no_imp.fits');
INSERT INTO applies_to(obs, ref) VALUES ('o64m01010', 'l421050oo_lmp.fits');
INSERT INTO applies_to(obs, ref) VALUES ('lc7001axq', 's7g1700gl_dead.fits');
INSERT INTO applies_to(obs, ref) VALUES ('lc7003a4q', '14o2013ql_xwalk.fits');
INSERT INTO applies_to(obs, ref) VALUES ('lc7004k6q', '14o2013rl_ywalk.fits');
INSERT INTO applies_to(obs, ref) VALUES ('lc7001axq', 'x1u1459gl_geo.fits');
INSERT INTO applies_to(obs, ref) VALUES ('lc7003aiq', 'zbn1927gl_gsag.fits');
INSERT INTO applies_to(obs, ref) VALUES ('o64m01010', 'k8m0958bo_cds.fits');
INSERT INTO applies_to(obs, ref) VALUES ('lc7004keq', '1811827rl_lamp.fits');
INSERT INTO applies_to(obs, ref) VALUES ('lc7003aeq', 's7g1700gl_dead.fits');
INSERT INTO applies_to(obs, ref) VALUES ('obrz04020', 'w2g1626fo_bia.fits');
INSERT INTO applies_to(obs, ref) VALUES ('lc7003a6q', '0561933ll_tds.fits');
INSERT INTO applies_to(obs, ref) VALUES ('lctg01k5q', 'lctg01010_asn.fits');
INSERT INTO applies_to(obs, ref) VALUES ('obrz05020', 'y2i1649no_imp.fits');
INSERT INTO applies_to(obs, ref) VALUES ('lctg02irq', '14o2013ql_xwalk.fits');
INSERT INTO applies_to(obs, ref) VALUES ('lc7004koq', 'u1t1616ql_wcp.fits');
INSERT INTO applies_to(obs, ref) VALUES ('o57315040', 'k1k1319qo_bia.fits');
INSERT INTO applies_to(obs, ref) VALUES ('lc7002ctq', 'x1u1459gl_geo.fits');
INSERT INTO applies_to(obs, ref) VALUES ('lc7003aeq', 'wc318317l_pha.fits');
INSERT INTO applies_to(obs, ref) VALUES ('lc7002d1q', '14o2013ql_xwalk.fits');
INSERT INTO applies_to(obs, ref) VALUES ('obrz04050', 'l2j0137to_dsp.fits');
INSERT INTO applies_to(obs, ref) VALUES ('obrz04020', 'j3m1403io_crr.fits');
INSERT INTO applies_to(obs, ref) VALUES ('lc7002cnq', 'x1u1459il_brf.fits');
INSERT INTO applies_to(obs, ref) VALUES ('lc7004keq', '0bn1606sl_disp.fits');
INSERT INTO applies_to(obs, ref) VALUES ('lc7005ygq', 'yae1249sl_bpix.fits');
INSERT INTO applies_to(obs, ref) VALUES ('lc7003a4q', '0561933jl_phot.fits');
INSERT INTO applies_to(obs, ref) VALUES ('lc7004koq', 'xab1551cl_flat.fits');
INSERT INTO applies_to(obs, ref) VALUES ('lctg01j6q', '14o2013ql_xwalk.fits');
INSERT INTO applies_to(obs, ref) VALUES ('obrz04030', 'w2g1626fo_bia.fits');
INSERT INTO applies_to(obs, ref) VALUES ('lc7001azq', 'zas1615jl_spot.fits');
INSERT INTO applies_to(obs, ref) VALUES ('lc7001b3q', '1811827rl_lamp.fits');
INSERT INTO applies_to(obs, ref) VALUES ('lc7004keq', 'x1u1459gl_geo.fits');
INSERT INTO applies_to(obs, ref) VALUES ('obrz05030', 'm7p16111o_dsp.fits');
INSERT INTO applies_to(obs, ref) VALUES ('lc7006ibq', 'wc318317l_pha.fits');
INSERT INTO applies_to(obs, ref) VALUES ('ocy517gnq', '16j1600do_ccd.fits');
INSERT INTO applies_to(obs, ref) VALUES ('lc7001avq', 'u1t1616ql_wcp.fits');
INSERT INTO applies_to(obs, ref) VALUES ('obrz05030', 'obrz05030_asn.fits');
INSERT INTO applies_to(obs, ref) VALUES ('lc7002cxq', '1811831fl_spwcs.fits');
INSERT INTO applies_to(obs, ref) VALUES ('lc7001axq', 'zbn1927gl_gsag.fits');
INSERT INTO applies_to(obs, ref) VALUES ('o64m01050', 'l421050oo_lmp.fits');
INSERT INTO applies_to(obs, ref) VALUES ('lc7006ixq', '0561933ll_tds.fits');
INSERT INTO applies_to(obs, ref) VALUES ('lctg02hiq', 'lctg02010_asn.fits');
INSERT INTO applies_to(obs, ref) VALUES ('lc7003agq', 'x6q17586l_1dx.fits');
INSERT INTO applies_to(obs, ref) VALUES ('o64m01050', 'lag1815lo_wcp.fits');
INSERT INTO applies_to(obs, ref) VALUES ('lc7002cvq', 'wc318317l_pha.fits');
INSERT INTO applies_to(obs, ref) VALUES ('lc7002cpq', '1811831fl_spwcs.fits');
INSERT INTO applies_to(obs, ref) VALUES ('o64m01040', 'q591955so_tdc.fits');
INSERT INTO applies_to(obs, ref) VALUES ('ocy517goq', 'l421050oo_lmp.fits');
INSERT INTO applies_to(obs, ref) VALUES ('ocy517gpq', 'j3m1403io_crr.fits');
INSERT INTO applies_to(obs, ref) VALUES ('lc7006igq', '1811827rl_lamp.fits');
INSERT INTO applies_to(obs, ref) VALUES ('lc7003agq', 'lc7003050_asn.fits');
INSERT INTO applies_to(obs, ref) VALUES ('lctg01k1q', 'lctg01010_asn.fits');
INSERT INTO applies_to(obs, ref) VALUES ('obrz04010', 'y2i1649no_imp.fits');
INSERT INTO applies_to(obs, ref) VALUES ('lc7006iuq', 'yae1249sl_bpix.fits');
INSERT INTO applies_to(obs, ref) VALUES ('lc7004kbq', 'wc318317l_pha.fits');
INSERT INTO applies_to(obs, ref) VALUES ('lc7004k4q', '0561933jl_phot.fits');
INSERT INTO applies_to(obs, ref) VALUES ('lc7002cpq', '0561933jl_phot.fits');
INSERT INTO applies_to(obs, ref) VALUES ('lc7004koq', 'zas1615jl_spot.fits');
INSERT INTO applies_to(obs, ref) VALUES ('lc7003aaq', 'x1u1459il_brf.fits');
INSERT INTO applies_to(obs, ref) VALUES ('lc7006iuq', 'x1u1459gl_geo.fits');
INSERT INTO applies_to(obs, ref) VALUES ('lc7004kgq', 'wc318317l_pha.fits');
INSERT INTO applies_to(obs, ref) VALUES ('lc7006idq', 'u1t1616ql_wcp.fits');
INSERT INTO applies_to(obs, ref) VALUES ('lc7001azq', '1811831fl_spwcs.fits');
INSERT INTO applies_to(obs, ref) VALUES ('lc7001avq', 'yae1249sl_bpix.fits');
INSERT INTO applies_to(obs, ref) VALUES ('ocy517gmq', 'pcc2026jo_lfl.fits');
INSERT INTO applies_to(obs, ref) VALUES ('obrz04050', 'p9r19203o_gac.fits');
INSERT INTO applies_to(obs, ref) VALUES ('ocy517giq', 'l421050oo_lmp.fits');
INSERT INTO applies_to(obs, ref) VALUES ('o64m01050', 'q8l14502o_1dt.fits');
INSERT INTO applies_to(obs, ref) VALUES ('ocy517gnq', 'n7p1031qo_1dx.fits');
INSERT INTO applies_to(obs, ref) VALUES ('obrz04010', 'w2g1626jo_drk.fits');
INSERT INTO applies_to(obs, ref) VALUES ('lc7004k9q', 'zas1615jl_spot.fits');
INSERT INTO applies_to(obs, ref) VALUES ('lc7005xiq', 'u1t1616ql_wcp.fits');
INSERT INTO applies_to(obs, ref) VALUES ('ocy517glq', '13a1941eo_tds.fits');
INSERT INTO applies_to(obs, ref) VALUES ('ocy517glq', 'h5s11397o_iac.fits');
INSERT INTO applies_to(obs, ref) VALUES ('obrz05010', 'k8m0958ao_tel.fits');
INSERT INTO applies_to(obs, ref) VALUES ('obrz04050', 'x6417096o_pfl.fits');
INSERT INTO applies_to(obs, ref) VALUES ('obrz04040', 'y2r1559to_apt.fits');
INSERT INTO applies_to(obs, ref) VALUES ('ocy517goq', 'j3m1403io_crr.fits');
INSERT INTO applies_to(obs, ref) VALUES ('lc7006isq', '0bn1606sl_disp.fits');
INSERT INTO applies_to(obs, ref) VALUES ('ocy517gmq', '16j16005o_apd.fits');
INSERT INTO applies_to(obs, ref) VALUES ('lc7005ygq', 'u1t1616ql_wcp.fits');
INSERT INTO applies_to(obs, ref) VALUES ('lc7001b1q', 'x6q17586l_1dx.fits');
INSERT INTO applies_to(obs, ref) VALUES ('obrz04030', 'y2r1559to_apt.fits');
INSERT INTO applies_to(obs, ref) VALUES ('lc7002ctq', 's7g1700gl_dead.fits');
INSERT INTO applies_to(obs, ref) VALUES ('lctg02ieq', 'x6q17586l_1dx.fits');
INSERT INTO applies_to(obs, ref) VALUES ('lctg01k5q', '14o2013rl_ywalk.fits');
INSERT INTO applies_to(obs, ref) VALUES ('lc7001axq', '0561933ll_tds.fits');
INSERT INTO applies_to(obs, ref) VALUES ('lc7003aaq', '0bn1606sl_disp.fits');
INSERT INTO applies_to(obs, ref) VALUES ('lc7003acq', 'yae1249sl_bpix.fits');
INSERT INTO applies_to(obs, ref) VALUES ('lc7001b1q', 'wc318317l_pha.fits');
INSERT INTO applies_to(obs, ref) VALUES ('lc7005ygq', '14o2013rl_ywalk.fits');
INSERT INTO applies_to(obs, ref) VALUES ('lc7004kbq', 's7g1700gl_dead.fits');
INSERT INTO applies_to(obs, ref) VALUES ('o64m01030', 'l421050oo_lmp.fits');
INSERT INTO applies_to(obs, ref) VALUES ('o64m01020', 'q591955so_tdc.fits');
INSERT INTO applies_to(obs, ref) VALUES ('o64m01040', 'n2o1817fo_pct.fits');
INSERT INTO applies_to(obs, ref) VALUES ('lctg02ieq', '0561933jl_phot.fits');
INSERT INTO applies_to(obs, ref) VALUES ('lc7006ixq', '0bn1606sl_disp.fits');
INSERT INTO applies_to(obs, ref) VALUES ('lc7003aaq', 'x1u1459gl_geo.fits');
INSERT INTO applies_to(obs, ref) VALUES ('obrz04050', 'j3m1403io_crr.fits');
INSERT INTO applies_to(obs, ref) VALUES ('o64m01030', 'k8m0958do_exs.fits');
INSERT INTO applies_to(obs, ref) VALUES ('lc7002cxq', '0561933ll_tds.fits');
INSERT INTO applies_to(obs, ref) VALUES ('lc7005xkq', 'lc7005020_asn.fits');
INSERT INTO applies_to(obs, ref) VALUES ('lc7003a4q', 'x1u1459gl_geo.fits');
INSERT INTO applies_to(obs, ref) VALUES ('o64m01010', 'k8m0958fo_rip.fits');
INSERT INTO applies_to(obs, ref) VALUES ('lc7002cxq', 'x6q17586l_1dx.fits');
INSERT INTO applies_to(obs, ref) VALUES ('lc7005xkq', '14o2013ql_xwalk.fits');
INSERT INTO applies_to(obs, ref) VALUES ('obrz04030', '16j16005o_apd.fits');
INSERT INTO applies_to(obs, ref) VALUES ('lc7005xgq', '14o2013rl_ywalk.fits');
INSERT INTO applies_to(obs, ref) VALUES ('lc7005xiq', '0561933jl_phot.fits');
INSERT INTO applies_to(obs, ref) VALUES ('lc7002cpq', '0561933ll_tds.fits');
INSERT INTO applies_to(obs, ref) VALUES ('lctg01k5q', '0bn1606sl_disp.fits');
INSERT INTO applies_to(obs, ref) VALUES ('lc7006j7q', 'x6q17586l_1dx.fits');
INSERT INTO applies_to(obs, ref) VALUES ('lctg01j6q', '0561933jl_phot.fits');
INSERT INTO applies_to(obs, ref) VALUES ('lc7001b1q', 'yae1249sl_bpix.fits');
INSERT INTO applies_to(obs, ref) VALUES ('lc7001atq', 'lc7001010_asn.fits');
INSERT INTO applies_to(obs, ref) VALUES ('obrz04050', '16j1600eo_ccd.fits');
INSERT INTO applies_to(obs, ref) VALUES ('ocy517gqq', '0521335lo_bia.fits');
INSERT INTO applies_to(obs, ref) VALUES ('lctg02i9q', 'wc318317l_pha.fits');
INSERT INTO applies_to(obs, ref) VALUES ('lc7002crq', 'zbn1927gl_gsag.fits');
INSERT INTO applies_to(obs, ref) VALUES ('lc7006i6q', 's7g1700gl_dead.fits');
INSERT INTO applies_to(obs, ref) VALUES ('lc7002crq', '14o2013ql_xwalk.fits');
INSERT INTO applies_to(obs, ref) VALUES ('ocy517gqq', 'q541740po_pct.fits');
INSERT INTO applies_to(obs, ref) VALUES ('ocy517giq', '16j1600do_ccd.fits');
INSERT INTO applies_to(obs, ref) VALUES ('lc7005xiq', '1811831fl_spwcs.fits');
INSERT INTO applies_to(obs, ref) VALUES ('obrz05020', 'q8l14502o_1dt.fits');
INSERT INTO applies_to(obs, ref) VALUES ('lc7006i6q', '1811831fl_spwcs.fits');
INSERT INTO applies_to(obs, ref) VALUES ('ocy517gqq', 'p9r19203o_gac.fits');
INSERT INTO applies_to(obs, ref) VALUES ('lc7001b3q', 'x6q17586l_1dx.fits');
INSERT INTO applies_to(obs, ref) VALUES ('lc7001b3q', 'wc318317l_pha.fits');
INSERT INTO applies_to(obs, ref) VALUES ('obrz04030', 'p822207no_pht.fits');
INSERT INTO applies_to(obs, ref) VALUES ('lc7003a6q', '0bn1606sl_disp.fits');
INSERT INTO applies_to(obs, ref) VALUES ('lctg02ijq', 's7g1700gl_dead.fits');
INSERT INTO applies_to(obs, ref) VALUES ('lc7002ctq', 'zbn1927gl_gsag.fits');
INSERT INTO applies_to(obs, ref) VALUES ('lc7006i6q', 'u1t1616ql_wcp.fits');
INSERT INTO applies_to(obs, ref) VALUES ('lctg01k1q', '14o2013rl_ywalk.fits');
INSERT INTO applies_to(obs, ref) VALUES ('lc7001b3q', 'x1u1459il_brf.fits');
INSERT INTO applies_to(obs, ref) VALUES ('lc7003a6q', '1811831fl_spwcs.fits');
INSERT INTO applies_to(obs, ref) VALUES ('lc7003aaq', 'yae1249sl_bpix.fits');
INSERT INTO applies_to(obs, ref) VALUES ('obrz05030', 'j9r16559o_lin.fits');
INSERT INTO applies_to(obs, ref) VALUES ('ocy517gpq', 'l2j0137to_dsp.fits');
INSERT INTO applies_to(obs, ref) VALUES ('lc7003aeq', '1811831fl_spwcs.fits');
INSERT INTO applies_to(obs, ref) VALUES ('lc7006ibq', 'lc7006010_asn.fits');
INSERT INTO applies_to(obs, ref) VALUES ('lc7001b5q', '1811831fl_spwcs.fits');
INSERT INTO applies_to(obs, ref) VALUES ('lc7005yqq', 'lc7005050_asn.fits');
INSERT INTO applies_to(obs, ref) VALUES ('lc7001avq', '0bn1606sl_disp.fits');
INSERT INTO applies_to(obs, ref) VALUES ('lctg02hiq', '1811827rl_lamp.fits');
INSERT INTO applies_to(obs, ref) VALUES ('lc7002crq', 'zas1615jl_spot.fits');
INSERT INTO applies_to(obs, ref) VALUES ('obrz04010', '16j1600co_wcp.fits');
INSERT INTO applies_to(obs, ref) VALUES ('lctg01k5q', 'u1t1616ql_wcp.fits');
INSERT INTO applies_to(obs, ref) VALUES ('lc7006i6q', 'x1u1459il_brf.fits');
INSERT INTO applies_to(obs, ref) VALUES ('o64m01010', 'q8l14502o_1dt.fits');
INSERT INTO applies_to(obs, ref) VALUES ('lc7004k4q', 's7g1700gl_dead.fits');
INSERT INTO applies_to(obs, ref) VALUES ('lc7002crq', 'xab1551cl_flat.fits');
INSERT INTO applies_to(obs, ref) VALUES ('lctg02hiq', '0bn1606sl_disp.fits');
INSERT INTO applies_to(obs, ref) VALUES ('o64m01030', 'h5s1140ko_lfl.fits');
INSERT INTO applies_to(obs, ref) VALUES ('lctg01k5q', 's7g1700gl_dead.fits');
INSERT INTO applies_to(obs, ref) VALUES ('lc7006isq', 'x6q17586l_1dx.fits');
INSERT INTO applies_to(obs, ref) VALUES ('lc7001arq', 'xab1551cl_flat.fits');
INSERT INTO applies_to(obs, ref) VALUES ('lc7005xiq', '14o2013ql_xwalk.fits');
INSERT INTO applies_to(obs, ref) VALUES ('ocy517glq', 'h1v11475o_bpx.fits');
INSERT INTO applies_to(obs, ref) VALUES ('lc7002cvq', '1811831fl_spwcs.fits');
INSERT INTO applies_to(obs, ref) VALUES ('lc7004k6q', '0bn1606sl_disp.fits');
INSERT INTO applies_to(obs, ref) VALUES ('lc7003agq', '0561933jl_phot.fits');
INSERT INTO applies_to(obs, ref) VALUES ('obrz04010', 'l2j0137to_dsp.fits');
INSERT INTO applies_to(obs, ref) VALUES ('lc7005ynq', '0bn1606sl_disp.fits');
INSERT INTO applies_to(obs, ref) VALUES ('lc7001b3q', '0561933jl_phot.fits');
INSERT INTO applies_to(obs, ref) VALUES ('lc7003aaq', 'xab1551cl_flat.fits');
INSERT INTO applies_to(obs, ref) VALUES ('lc7005ylq', 'lc7005040_asn.fits');
INSERT INTO applies_to(obs, ref) VALUES ('lc7003aeq', 'x6q17586l_1dx.fits');
INSERT INTO applies_to(obs, ref) VALUES ('lctg02ijq', 'yae1249sl_bpix.fits');
INSERT INTO applies_to(obs, ref) VALUES ('lc7005xiq', '14o2013rl_ywalk.fits');
INSERT INTO applies_to(obs, ref) VALUES ('obrz05030', 'k8m0958do_exs.fits');
INSERT INTO applies_to(obs, ref) VALUES ('o64m01040', 'h5s1140ko_lfl.fits');
INSERT INTO applies_to(obs, ref) VALUES ('o57315040', 'lag1815lo_wcp.fits');
INSERT INTO applies_to(obs, ref) VALUES ('obrz04010', 'obrz04010_asn.fits');
INSERT INTO applies_to(obs, ref) VALUES ('lc7003aaq', 'x6q17586l_1dx.fits');
INSERT INTO applies_to(obs, ref) VALUES ('lc7005ynq', '14o2013rl_ywalk.fits');
INSERT INTO applies_to(obs, ref) VALUES ('ocy517goq', 'q541740no_pct.fits');
INSERT INTO applies_to(obs, ref) VALUES ('lc7006idq', 'zas1615jl_spot.fits');
INSERT INTO applies_to(obs, ref) VALUES ('lc7004k6q', '14o2013ql_xwalk.fits');
INSERT INTO applies_to(obs, ref) VALUES ('lc7006j7q', 'zas1615jl_spot.fits');
INSERT INTO applies_to(obs, ref) VALUES ('lc7003agq', '14o2013ql_xwalk.fits');
INSERT INTO applies_to(obs, ref) VALUES ('obrz05030', 'k8m0958ho_tel.fits');
INSERT INTO applies_to(obs, ref) VALUES ('o64m01030', 'mbj1658do_pfl.fits');
INSERT INTO applies_to(obs, ref) VALUES ('obrz05030', '16j1600bo_sdc.fits');
INSERT INTO applies_to(obs, ref) VALUES ('lctg02ieq', 'zbn1927fl_gsag.fits');
INSERT INTO applies_to(obs, ref) VALUES ('lc7003a4q', 'zbn1927gl_gsag.fits');
INSERT INTO applies_to(obs, ref) VALUES ('ocy517glq', '16j16006o_sdc.fits');
INSERT INTO applies_to(obs, ref) VALUES ('lc7002d1q', 's7g1700gl_dead.fits');
INSERT INTO applies_to(obs, ref) VALUES ('lc7004k4q', 'x1u1459il_brf.fits');
INSERT INTO applies_to(obs, ref) VALUES ('lctg02irq', '0561933jl_phot.fits');
INSERT INTO applies_to(obs, ref) VALUES ('lctg01kcq', '0bn1606sl_disp.fits');
INSERT INTO applies_to(obs, ref) VALUES ('ocy517gqq', '16j16006o_sdc.fits');
INSERT INTO applies_to(obs, ref) VALUES ('lc7005ynq', '14o2013ql_xwalk.fits');
INSERT INTO applies_to(obs, ref) VALUES ('lctg01k1q', '14o2013ql_xwalk.fits');
INSERT INTO applies_to(obs, ref) VALUES ('lc7005xkq', 'u1t1616ql_wcp.fits');
INSERT INTO applies_to(obs, ref) VALUES ('lc7002ctq', '1811827rl_lamp.fits');
INSERT INTO applies_to(obs, ref) VALUES ('lc7006igq', '14o2013rl_ywalk.fits');
INSERT INTO applies_to(obs, ref) VALUES ('lctg01k5q', 'x6q17586l_1dx.fits');
INSERT INTO applies_to(obs, ref) VALUES ('obrz04010', '16j16005o_apd.fits');
INSERT INTO applies_to(obs, ref) VALUES ('lc7003a8q', 'lc7003020_asn.fits');
INSERT INTO applies_to(obs, ref) VALUES ('lc7006iuq', 'zas1615jl_spot.fits');
INSERT INTO applies_to(obs, ref) VALUES ('lc7003aiq', 's7g1700gl_dead.fits');
INSERT INTO applies_to(obs, ref) VALUES ('ocy517glq', '16j1600do_ccd.fits');
INSERT INTO applies_to(obs, ref) VALUES ('lc7003a8q', '1811827rl_lamp.fits');
INSERT INTO applies_to(obs, ref) VALUES ('obrz05020', 'h4s1350ko_moc.fits');
INSERT INTO applies_to(obs, ref) VALUES ('lc7003acq', 's7g1700gl_dead.fits');
INSERT INTO applies_to(obs, ref) VALUES ('lc7005yqq', '0561933ll_tds.fits');
INSERT INTO applies_to(obs, ref) VALUES ('lc7002crq', '0bn1606sl_disp.fits');
INSERT INTO applies_to(obs, ref) VALUES ('lc7005yqq', '0bn1606sl_disp.fits');
INSERT INTO applies_to(obs, ref) VALUES ('lc7002cxq', '14o2013ql_xwalk.fits');
INSERT INTO applies_to(obs, ref) VALUES ('obrz04050', 'qa31608go_1dt.fits');
INSERT INTO applies_to(obs, ref) VALUES ('obrz05010', 'q591955ro_drk.fits');
INSERT INTO applies_to(obs, ref) VALUES ('lctg02ijq', 'xab1551cl_flat.fits');
INSERT INTO applies_to(obs, ref) VALUES ('lc7005xiq', 'xab1551cl_flat.fits');
INSERT INTO applies_to(obs, ref) VALUES ('lc7004kbq', '0561933jl_phot.fits');
INSERT INTO applies_to(obs, ref) VALUES ('lc7004k4q', '14o2013ql_xwalk.fits');
INSERT INTO applies_to(obs, ref) VALUES ('lc7001b1q', 'u1t1616ql_wcp.fits');
INSERT INTO applies_to(obs, ref) VALUES ('ocy517gjq', 'pcc2026io_lfl.fits');
INSERT INTO applies_to(obs, ref) VALUES ('ocy517gkq', 'j3m1403io_crr.fits');
INSERT INTO applies_to(obs, ref) VALUES ('lc7005xiq', 'zas1615jl_spot.fits');
INSERT INTO applies_to(obs, ref) VALUES ('lc7005xkq', '0bn1606sl_disp.fits');
INSERT INTO applies_to(obs, ref) VALUES ('lctg02hiq', '14o2013ql_xwalk.fits');
INSERT INTO applies_to(obs, ref) VALUES ('lc7002d1q', 'lc7002050_asn.fits');
INSERT INTO applies_to(obs, ref) VALUES ('lc7005ylq', 'zas1615jl_spot.fits');
INSERT INTO applies_to(obs, ref) VALUES ('obrz05020', 'v2s21472o_bpx.fits');
INSERT INTO applies_to(obs, ref) VALUES ('lc7005xgq', '0561933ll_tds.fits');
INSERT INTO applies_to(obs, ref) VALUES ('lc7005ylq', '1811831fl_spwcs.fits');
INSERT INTO applies_to(obs, ref) VALUES ('lc7002cxq', 'u1t1616ql_wcp.fits');
INSERT INTO applies_to(obs, ref) VALUES ('lc7006idq', 's7g1700gl_dead.fits');
INSERT INTO applies_to(obs, ref) VALUES ('o64m01030', 'q9s1550lo_tds.fits');
INSERT INTO applies_to(obs, ref) VALUES ('lc7001b5q', 'x1u1459il_brf.fits');
INSERT INTO applies_to(obs, ref) VALUES ('lc7006ibq', 'zbn1927gl_gsag.fits');
INSERT INTO applies_to(obs, ref) VALUES ('lc7003a4q', 'u1t1616ql_wcp.fits');
INSERT INTO applies_to(obs, ref) VALUES ('lctg02ieq', '14o2013ql_xwalk.fits');
INSERT INTO applies_to(obs, ref) VALUES ('o64m01050', 'lcl11075o_drk.fits');
INSERT INTO applies_to(obs, ref) VALUES ('lc7002cpq', '1811827rl_lamp.fits');
INSERT INTO applies_to(obs, ref) VALUES ('lc7004k2q', 'wc318317l_pha.fits');
INSERT INTO applies_to(obs, ref) VALUES ('lc7002czq', 'x6q17586l_1dx.fits');
INSERT INTO applies_to(obs, ref) VALUES ('ocy5170d0', '13a1941eo_tds.fits');
INSERT INTO applies_to(obs, ref) VALUES ('obrz05020', 'k8m0958go_srw.fits');
INSERT INTO applies_to(obs, ref) VALUES ('lc7004keq', 'xab1551cl_flat.fits');
INSERT INTO applies_to(obs, ref) VALUES ('lc7001axq', 'u1t1616ql_wcp.fits');
INSERT INTO applies_to(obs, ref) VALUES ('obrz04050', '16j16006o_sdc.fits');
INSERT INTO applies_to(obs, ref) VALUES ('lc7001azq', 'zbn1927gl_gsag.fits');
INSERT INTO applies_to(obs, ref) VALUES ('lc7005ynq', '0561933ll_tds.fits');
INSERT INTO applies_to(obs, ref) VALUES ('obrz04040', 'l2j0137to_dsp.fits');
INSERT INTO applies_to(obs, ref) VALUES ('o64m01050', 'k8m0958eo_hal.fits');
INSERT INTO applies_to(obs, ref) VALUES ('lc7004k6q', 'x1u1459gl_geo.fits');
INSERT INTO applies_to(obs, ref) VALUES ('lc7002czq', '14o2013ql_xwalk.fits');
INSERT INTO applies_to(obs, ref) VALUES ('ocy517gnq', 'l2j0137to_dsp.fits');
INSERT INTO applies_to(obs, ref) VALUES ('o64m01050', 'q591955so_tdc.fits');
INSERT INTO applies_to(obs, ref) VALUES ('obrz05020', 'y2r16006o_pct.fits');
INSERT INTO applies_to(obs, ref) VALUES ('lc7001axq', '14o2013rl_ywalk.fits');
INSERT INTO applies_to(obs, ref) VALUES ('obrz05030', '13a1941go_tds.fits');
INSERT INTO applies_to(obs, ref) VALUES ('lc7005ylq', '14o2013rl_ywalk.fits');
INSERT INTO applies_to(obs, ref) VALUES ('lc7002cxq', 'lc7002040_asn.fits');
INSERT INTO applies_to(obs, ref) VALUES ('lc7004keq', '14o2013rl_ywalk.fits');
INSERT INTO applies_to(obs, ref) VALUES ('o64m01030', 'lag1815lo_wcp.fits');
INSERT INTO applies_to(obs, ref) VALUES ('obrz05020', 'm7p16111o_dsp.fits');
INSERT INTO applies_to(obs, ref) VALUES ('ocy517gnq', 'h1v11475o_bpx.fits');
INSERT INTO applies_to(obs, ref) VALUES ('lc7003aaq', 'lc7003020_asn.fits');
INSERT INTO applies_to(obs, ref) VALUES ('ocy5170d0', 'y2i1649no_imp.fits');
INSERT INTO applies_to(obs, ref) VALUES ('lc7003aeq', 'x1u1459il_brf.fits');
INSERT INTO applies_to(obs, ref) VALUES ('lctg02i9q', '1811831fl_spwcs.fits');
INSERT INTO applies_to(obs, ref) VALUES ('lc7006ixq', 'x1u1459gl_geo.fits');
INSERT INTO applies_to(obs, ref) VALUES ('lc7001axq', 'xab1551cl_flat.fits');
INSERT INTO applies_to(obs, ref) VALUES ('lc7005xgq', '0bn1606sl_disp.fits');
INSERT INTO applies_to(obs, ref) VALUES ('lc7004koq', 'yae1249sl_bpix.fits');
INSERT INTO applies_to(obs, ref) VALUES ('ocy517gkq', '16j1600do_ccd.fits');
INSERT INTO applies_to(obs, ref) VALUES ('lc7003a8q', '0561933ll_tds.fits');
INSERT INTO applies_to(obs, ref) VALUES ('ocy517gmq', '13a1941eo_tds.fits');
INSERT INTO applies_to(obs, ref) VALUES ('o64m01050', 'n2o1817fo_pct.fits');
INSERT INTO applies_to(obs, ref) VALUES ('lc7006iuq', 'u1t1616ql_wcp.fits');
INSERT INTO applies_to(obs, ref) VALUES ('o64m01010', 'mbj1658do_pfl.fits');
INSERT INTO applies_to(obs, ref) VALUES ('lc7001axq', 'lc7001020_asn.fits');
INSERT INTO applies_to(obs, ref) VALUES ('ocy517gmq', 'y2i1649no_imp.fits');
INSERT INTO applies_to(obs, ref) VALUES ('lc7005ygq', '1811831fl_spwcs.fits');
INSERT INTO applies_to(obs, ref) VALUES ('lc7001b3q', 'yae1249sl_bpix.fits');
INSERT INTO applies_to(obs, ref) VALUES ('obrz05020', 'y2r1559to_apt.fits');
INSERT INTO applies_to(obs, ref) VALUES ('lctg01kcq', 'yae1249sl_bpix.fits');
INSERT INTO applies_to(obs, ref) VALUES ('obrz04040', 'p822207no_pht.fits');
INSERT INTO applies_to(obs, ref) VALUES ('o64m01050', 'k8m0958co_ech.fits');
INSERT INTO applies_to(obs, ref) VALUES ('lctg02i9q', '1811827rl_lamp.fits');
INSERT INTO applies_to(obs, ref) VALUES ('lc7001arq', '0561933ll_tds.fits');
INSERT INTO applies_to(obs, ref) VALUES ('ocy517goq', 'pcc2026jo_lfl.fits');
INSERT INTO applies_to(obs, ref) VALUES ('lctg02hiq', 'u1t1616ql_wcp.fits');
INSERT INTO applies_to(obs, ref) VALUES ('obrz04020', '16j16005o_apd.fits');
INSERT INTO applies_to(obs, ref) VALUES ('lctg01j6q', '1811827rl_lamp.fits');
INSERT INTO applies_to(obs, ref) VALUES ('o64m01010', 'obm1723po_sdc.fits');
INSERT INTO applies_to(obs, ref) VALUES ('lc7005xgq', 'wc318317l_pha.fits');
INSERT INTO applies_to(obs, ref) VALUES ('o64m01030', 'q8l14502o_1dt.fits');
INSERT INTO applies_to(obs, ref) VALUES ('lc7004k4q', 'u1t1616ql_wcp.fits');
INSERT INTO applies_to(obs, ref) VALUES ('ocy517glq', 'q541740lo_pct.fits');
INSERT INTO applies_to(obs, ref) VALUES ('lc7006igq', '0561933ll_tds.fits');
INSERT INTO applies_to(obs, ref) VALUES ('lc7005xgq', 'x1u1459il_brf.fits');
INSERT INTO applies_to(obs, ref) VALUES ('lctg02i9q', '14o2013rl_ywalk.fits');
INSERT INTO applies_to(obs, ref) VALUES ('lc7003aeq', '0561933jl_phot.fits');
INSERT INTO applies_to(obs, ref) VALUES ('lc7002cvq', 'x1u1459il_brf.fits');
INSERT INTO applies_to(obs, ref) VALUES ('lc7001b1q', 'x1u1459gl_geo.fits');
INSERT INTO applies_to(obs, ref) VALUES ('lc7001avq', 'x1u1459gl_geo.fits');
INSERT INTO applies_to(obs, ref) VALUES ('lc7006iuq', '0bn1606sl_disp.fits');
INSERT INTO applies_to(obs, ref) VALUES ('lc7003agq', 'x1u1459il_brf.fits');
INSERT INTO applies_to(obs, ref) VALUES ('lctg02ijq', 'lctg02010_asn.fits');
INSERT INTO applies_to(obs, ref) VALUES ('lc7005xiq', 'lc7005010_asn.fits');
INSERT INTO applies_to(obs, ref) VALUES ('lc7004keq', 'u1t1616ql_wcp.fits');
INSERT INTO applies_to(obs, ref) VALUES ('ocy5170d0', '16j16006o_sdc.fits');
INSERT INTO applies_to(obs, ref) VALUES ('o64m01020', 'q9s1550lo_tds.fits');
INSERT INTO applies_to(obs, ref) VALUES ('obrz05010', 'k8m09586o_exs.fits');
INSERT INTO applies_to(obs, ref) VALUES ('lctg01kcq', 'zas1615jl_spot.fits');
INSERT INTO applies_to(obs, ref) VALUES ('lc7001atq', '1811827rl_lamp.fits');
INSERT INTO applies_to(obs, ref) VALUES ('ocy517glq', 'l2j0137to_dsp.fits');
INSERT INTO applies_to(obs, ref) VALUES ('lc7004k9q', 'xab1551cl_flat.fits');
INSERT INTO applies_to(obs, ref) VALUES ('lctg01k1q', '1811831fl_spwcs.fits');
INSERT INTO applies_to(obs, ref) VALUES ('ocy517gmq', 'h5s11397o_iac.fits');
INSERT INTO applies_to(obs, ref) VALUES ('lc7005ynq', 'u1t1616ql_wcp.fits');
INSERT INTO applies_to(obs, ref) VALUES ('lctg02hiq', '14o2013rl_ywalk.fits');
INSERT INTO applies_to(obs, ref) VALUES ('lc7006isq', '0561933jl_phot.fits');
INSERT INTO applies_to(obs, ref) VALUES ('obrz04020', 'qa31608go_1dt.fits');
INSERT INTO applies_to(obs, ref) VALUES ('lc7001b5q', '14o2013rl_ywalk.fits');
INSERT INTO applies_to(obs, ref) VALUES ('lc7002crq', '0561933ll_tds.fits');
INSERT INTO applies_to(obs, ref) VALUES ('ocy517gjq', 'n7p1031qo_1dx.fits');
INSERT INTO applies_to(obs, ref) VALUES ('lc7005xkq', 'xab1551cl_flat.fits');
INSERT INTO applies_to(obs, ref) VALUES ('lc7003agq', 'yae1249sl_bpix.fits');
INSERT INTO applies_to(obs, ref) VALUES ('lc7004k2q', '0bn1606sl_disp.fits');
INSERT INTO applies_to(obs, ref) VALUES ('obrz05010', 'y2i1649no_imp.fits');
INSERT INTO applies_to(obs, ref) VALUES ('lc7005yjq', '14o2013rl_ywalk.fits');
INSERT INTO applies_to(obs, ref) VALUES ('lc7005yjq', 'x1u1459gl_geo.fits');
INSERT INTO applies_to(obs, ref) VALUES ('lc7002crq', '1811827rl_lamp.fits');
INSERT INTO applies_to(obs, ref) VALUES ('ocy517gnq', 'j3m1403io_crr.fits');
INSERT INTO applies_to(obs, ref) VALUES ('obrz05030', 'y2r16007o_pct.fits');
INSERT INTO applies_to(obs, ref) VALUES ('lc7006igq', 'zas1615jl_spot.fits');
INSERT INTO applies_to(obs, ref) VALUES ('lc7002cnq', 'xab1551cl_flat.fits');
INSERT INTO applies_to(obs, ref) VALUES ('lctg01kcq', '14o2013rl_ywalk.fits');
INSERT INTO applies_to(obs, ref) VALUES ('lc7006j7q', 'x1u1459gl_geo.fits');
INSERT INTO applies_to(obs, ref) VALUES ('lc7005yqq', 'xab1551cl_flat.fits');
INSERT INTO applies_to(obs, ref) VALUES ('lc7006idq', 'x1u1459gl_geo.fits');
INSERT INTO applies_to(obs, ref) VALUES ('lc7005ynq', 'zas1615jl_spot.fits');
INSERT INTO applies_to(obs, ref) VALUES ('lc7001b1q', 'x1u1459il_brf.fits');
INSERT INTO applies_to(obs, ref) VALUES ('ocy517glq', 'j3m1403io_crr.fits');
INSERT INTO applies_to(obs, ref) VALUES ('obrz05020', 'vb816448o_pht.fits');
INSERT INTO applies_to(obs, ref) VALUES ('lc7001avq', 'wc318317l_pha.fits');
INSERT INTO applies_to(obs, ref) VALUES ('lctg01kcq', '1811827rl_lamp.fits');
INSERT INTO applies_to(obs, ref) VALUES ('lc7005ynq', 'x1u1459il_brf.fits');
INSERT INTO applies_to(obs, ref) VALUES ('o64m01040', 'k8m0958fo_rip.fits');
INSERT INTO applies_to(obs, ref) VALUES ('lctg01j6q', 'xab1551cl_flat.fits');
INSERT INTO applies_to(obs, ref) VALUES ('lctg01k1q', 'u1t1616ql_wcp.fits');
INSERT INTO applies_to(obs, ref) VALUES ('obrz04050', 'pcc2026ko_lfl.fits');
INSERT INTO applies_to(obs, ref) VALUES ('o64m01030', 'hcm14407o_bpx.fits');
INSERT INTO applies_to(obs, ref) VALUES ('ocy517goq', 'p822207no_pht.fits');
INSERT INTO applies_to(obs, ref) VALUES ('lc7006igq', 'lc7006020_asn.fits');
INSERT INTO applies_to(obs, ref) VALUES ('lc7006i6q', 'x6q17586l_1dx.fits');
INSERT INTO applies_to(obs, ref) VALUES ('lc7006iuq', 'wc318317l_pha.fits');
INSERT INTO applies_to(obs, ref) VALUES ('lc7003aeq', '0561933ll_tds.fits');
INSERT INTO applies_to(obs, ref) VALUES ('lctg01j6q', '1811831fl_spwcs.fits');
INSERT INTO applies_to(obs, ref) VALUES ('lc7002d1q', 'xab1551cl_flat.fits');
INSERT INTO applies_to(obs, ref) VALUES ('lctg01k5q', '0561933jl_phot.fits');
INSERT INTO applies_to(obs, ref) VALUES ('lc7003a6q', 'x6q17586l_1dx.fits');
INSERT INTO applies_to(obs, ref) VALUES ('lc7005yqq', 'u1t1616ql_wcp.fits');
INSERT INTO applies_to(obs, ref) VALUES ('lc7003aeq', 'xab1551cl_flat.fits');
INSERT INTO applies_to(obs, ref) VALUES ('lc7003agq', 'x1u1459gl_geo.fits');
INSERT INTO applies_to(obs, ref) VALUES ('ocy517gpq', 'h5s11397o_iac.fits');
INSERT INTO applies_to(obs, ref) VALUES ('lc7005ynq', '1811831fl_spwcs.fits');
INSERT INTO applies_to(obs, ref) VALUES ('lc7003agq', '14o2013rl_ywalk.fits');
INSERT INTO applies_to(obs, ref) VALUES ('o64m01020', 'q8l14502o_1dt.fits');
INSERT INTO applies_to(obs, ref) VALUES ('lc7006i6q', '0561933jl_phot.fits');
INSERT INTO applies_to(obs, ref) VALUES ('lc7005ygq', '0561933jl_phot.fits');
INSERT INTO applies_to(obs, ref) VALUES ('lc7006isq', '14o2013rl_ywalk.fits');
INSERT INTO applies_to(obs, ref) VALUES ('ocy517glq', 'p822207no_pht.fits');
INSERT INTO applies_to(obs, ref) VALUES ('o64m01040', 'l421050oo_lmp.fits');
INSERT INTO applies_to(obs, ref) VALUES ('ocy517giq', '16j1600co_wcp.fits');
INSERT INTO applies_to(obs, ref) VALUES ('lc7006j7q', 'u1t1616ql_wcp.fits');
INSERT INTO applies_to(obs, ref) VALUES ('lc7003a6q', '0561933jl_phot.fits');
INSERT INTO applies_to(obs, ref) VALUES ('lc7004k9q', '1811827rl_lamp.fits');
INSERT INTO applies_to(obs, ref) VALUES ('o64m01040', 'hcm14407o_bpx.fits');
INSERT INTO applies_to(obs, ref) VALUES ('lc7004kgq', 'zas1615jl_spot.fits');
INSERT INTO applies_to(obs, ref) VALUES ('lc7004koq', 'x6q17586l_1dx.fits');
INSERT INTO applies_to(obs, ref) VALUES ('lc7006iuq', '1811827rl_lamp.fits');
INSERT INTO applies_to(obs, ref) VALUES ('lc7001b1q', 'zbn1927gl_gsag.fits');
INSERT INTO applies_to(obs, ref) VALUES ('lc7001avq', '0561933jl_phot.fits');
INSERT INTO applies_to(obs, ref) VALUES ('obrz04030', 'l2j0137to_dsp.fits');
INSERT INTO applies_to(obs, ref) VALUES ('obrz04040', 'w2g1626fo_bia.fits');
INSERT INTO applies_to(obs, ref) VALUES ('lc7005xkq', 'zbn1927gl_gsag.fits');
INSERT INTO applies_to(obs, ref) VALUES ('lc7001b5q', 'x1u1459gl_geo.fits');
INSERT INTO applies_to(obs, ref) VALUES ('lc7006isq', 'lc7006030_asn.fits');
INSERT INTO applies_to(obs, ref) VALUES ('obrz05030', 'y2i1649no_imp.fits');
INSERT INTO applies_to(obs, ref) VALUES ('o64m01020', 'lag1815lo_wcp.fits');
INSERT INTO applies_to(obs, ref) VALUES ('lctg02irq', 'yae1249sl_bpix.fits');
INSERT INTO applies_to(obs, ref) VALUES ('lc7001b3q', 's7g1700gl_dead.fits');
INSERT INTO applies_to(obs, ref) VALUES ('lc7004k9q', 's7g1700gl_dead.fits');
INSERT INTO applies_to(obs, ref) VALUES ('ocy517gkq', '13a1941eo_tds.fits');
INSERT INTO applies_to(obs, ref) VALUES ('obrz04050', 'h1v11475o_bpx.fits');
INSERT INTO applies_to(obs, ref) VALUES ('lc7005yjq', '14o2013ql_xwalk.fits');
INSERT INTO applies_to(obs, ref) VALUES ('lctg01kcq', 'zbn1927fl_gsag.fits');
INSERT INTO applies_to(obs, ref) VALUES ('obrz04020', '16j1600eo_ccd.fits');
INSERT INTO applies_to(obs, ref) VALUES ('obrz05020', 'k8m0958ho_tel.fits');
INSERT INTO applies_to(obs, ref) VALUES ('obrz04050', 'w2g1626co_bia.fits');
INSERT INTO applies_to(obs, ref) VALUES ('o64m01030', 'k8m0958go_srw.fits');
INSERT INTO applies_to(obs, ref) VALUES ('lc7006ibq', 's7g1700gl_dead.fits');
INSERT INTO applies_to(obs, ref) VALUES ('lc7004keq', 'x6q17586l_1dx.fits');
INSERT INTO applies_to(obs, ref) VALUES ('lc7004k2q', 'yae1249sl_bpix.fits');
INSERT INTO applies_to(obs, ref) VALUES ('ocy517goq', 'h5s11397o_iac.fits');
INSERT INTO applies_to(obs, ref) VALUES ('lc7006ibq', '1811831fl_spwcs.fits');
INSERT INTO applies_to(obs, ref) VALUES ('lc7003aaq', 'zas1615jl_spot.fits');
INSERT INTO applies_to(obs, ref) VALUES ('lc7002cnq', '1811827rl_lamp.fits');
INSERT INTO applies_to(obs, ref) VALUES ('lc7004keq', '0561933ll_tds.fits');
INSERT INTO applies_to(obs, ref) VALUES ('o57315040', 'p9r19203o_gac.fits');
INSERT INTO applies_to(obs, ref) VALUES ('ocy517gjq', 'p822207no_pht.fits');
INSERT INTO applies_to(obs, ref) VALUES ('ocy517gmq', 'y2r1559to_apt.fits');
INSERT INTO applies_to(obs, ref) VALUES ('lc7003aeq', '14o2013ql_xwalk.fits');
INSERT INTO applies_to(obs, ref) VALUES ('o64m01040', 'j9r16559o_lin.fits');
INSERT INTO applies_to(obs, ref) VALUES ('ocy517gnq', 'l421050oo_lmp.fits');
INSERT INTO applies_to(obs, ref) VALUES ('lc7006j7q', 'zbn1927gl_gsag.fits');
INSERT INTO applies_to(obs, ref) VALUES ('lc7005ygq', 'zas1615jl_spot.fits');
INSERT INTO applies_to(obs, ref) VALUES ('lc7006ixq', '14o2013rl_ywalk.fits');
INSERT INTO applies_to(obs, ref) VALUES ('lc7003acq', 'x1u1459il_brf.fits');
INSERT INTO applies_to(obs, ref) VALUES ('lc7001axq', 'wc318317l_pha.fits');
INSERT INTO applies_to(obs, ref) VALUES ('lctg02irq', '0bn1606sl_disp.fits');
INSERT INTO applies_to(obs, ref) VALUES ('obrz04020', 'y2i1649no_imp.fits');
INSERT INTO applies_to(obs, ref) VALUES ('lc7003a4q', 'zas1615jl_spot.fits');
INSERT INTO applies_to(obs, ref) VALUES ('ocy5170d0', '16j16005o_apd.fits');
INSERT INTO applies_to(obs, ref) VALUES ('obrz04040', '16j1600co_wcp.fits');
INSERT INTO applies_to(obs, ref) VALUES ('lc7004k6q', 'lc7004020_asn.fits');
INSERT INTO applies_to(obs, ref) VALUES ('lctg01k5q', 'zas1615jl_spot.fits');
INSERT INTO applies_to(obs, ref) VALUES ('lc7003acq', 'xab1551cl_flat.fits');
INSERT INTO applies_to(obs, ref) VALUES ('ocy517giq', 'p9r19203o_gac.fits');
INSERT INTO applies_to(obs, ref) VALUES ('lc7006iuq', 'x6q17586l_1dx.fits');
INSERT INTO applies_to(obs, ref) VALUES ('o64m01010', 'lcl11075o_drk.fits');
INSERT INTO applies_to(obs, ref) VALUES ('lc7006isq', '1811827rl_lamp.fits');
INSERT INTO applies_to(obs, ref) VALUES ('lc7001b3q', 'zbn1927gl_gsag.fits');
INSERT INTO applies_to(obs, ref) VALUES ('ocy517gnq', '16j16006o_sdc.fits');
INSERT INTO applies_to(obs, ref) VALUES ('lc7003agq', 's7g1700gl_dead.fits');
INSERT INTO applies_to(obs, ref) VALUES ('o64m01030', 'obm1723po_sdc.fits');
INSERT INTO applies_to(obs, ref) VALUES ('lc7002cvq', 'lc7002030_asn.fits');
INSERT INTO applies_to(obs, ref) VALUES ('lc7006ixq', 'u1t1616ql_wcp.fits');
INSERT INTO applies_to(obs, ref) VALUES ('lctg02hiq', '0561933jl_phot.fits');
INSERT INTO applies_to(obs, ref) VALUES ('lc7003agq', 'u1t1616ql_wcp.fits');
INSERT INTO applies_to(obs, ref) VALUES ('o64m01020', 'j9r16559o_lin.fits');
INSERT INTO applies_to(obs, ref) VALUES ('ocy517glq', 'qa31608go_1dt.fits');
INSERT INTO applies_to(obs, ref) VALUES ('lc7005yqq', 'x1u1459gl_geo.fits');
INSERT INTO applies_to(obs, ref) VALUES ('lc7001atq', 'u1t1616ql_wcp.fits');
INSERT INTO applies_to(obs, ref) VALUES ('lctg02hiq', 'ycj1846tl_tds.fits');
INSERT INTO applies_to(obs, ref) VALUES ('obrz04020', 'obrz04020_asn.fits');
INSERT INTO applies_to(obs, ref) VALUES ('ocy517gpq', 'h1v11475o_bpx.fits');
INSERT INTO applies_to(obs, ref) VALUES ('lc7004koq', '0561933ll_tds.fits');
INSERT INTO applies_to(obs, ref) VALUES ('lc7003aaq', 'zbn1927gl_gsag.fits');
INSERT INTO applies_to(obs, ref) VALUES ('lc7004kbq', '1811827rl_lamp.fits');
INSERT INTO applies_to(obs, ref) VALUES ('lc7006j7q', '14o2013ql_xwalk.fits');
INSERT INTO applies_to(obs, ref) VALUES ('lc7002cnq', '14o2013ql_xwalk.fits');
INSERT INTO applies_to(obs, ref) VALUES ('lc7002cnq', '0561933jl_phot.fits');
INSERT INTO applies_to(obs, ref) VALUES ('lc7005yjq', 'xab1551cl_flat.fits');
INSERT INTO applies_to(obs, ref) VALUES ('lc7001b3q', 'x1u1459gl_geo.fits');
INSERT INTO applies_to(obs, ref) VALUES ('lc7001axq', '0561933jl_phot.fits');
INSERT INTO applies_to(obs, ref) VALUES ('ocy517gjq', '16j1600co_wcp.fits');
INSERT INTO applies_to(obs, ref) VALUES ('lc7005xkq', 'x1u1459gl_geo.fits');
INSERT INTO applies_to(obs, ref) VALUES ('lc7003aiq', '1811827rl_lamp.fits');
INSERT INTO applies_to(obs, ref) VALUES ('obrz04020', 'p822207no_pht.fits');
INSERT INTO applies_to(obs, ref) VALUES ('ocy517gjq', '05213364o_drk.fits');
INSERT INTO applies_to(obs, ref) VALUES ('ocy517glq', '05213364o_drk.fits');
INSERT INTO applies_to(obs, ref) VALUES ('lc7002crq', 'wc318317l_pha.fits');
INSERT INTO applies_to(obs, ref) VALUES ('lctg02ieq', 'x1u1459gl_geo.fits');
INSERT INTO applies_to(obs, ref) VALUES ('lc7002ctq', '1811831fl_spwcs.fits');
INSERT INTO applies_to(obs, ref) VALUES ('lc7001b1q', '0bn1606sl_disp.fits');
INSERT INTO applies_to(obs, ref) VALUES ('obrz04050', 'h5s11397o_iac.fits');
INSERT INTO applies_to(obs, ref) VALUES ('lc7003agq', '0561933ll_tds.fits');
INSERT INTO applies_to(obs, ref) VALUES ('ocy517gkq', 'l421050oo_lmp.fits');
INSERT INTO applies_to(obs, ref) VALUES ('lc7004k9q', 'x1u1459gl_geo.fits');
INSERT INTO applies_to(obs, ref) VALUES ('lctg01kcq', 's7g1700gl_dead.fits');
INSERT INTO applies_to(obs, ref) VALUES ('ocy517gpq', 'y2r1559to_apt.fits');
INSERT INTO applies_to(obs, ref) VALUES ('ocy517gnq', 'qa31608go_1dt.fits');
INSERT INTO applies_to(obs, ref) VALUES ('lc7006ixq', '0561933jl_phot.fits');
INSERT INTO applies_to(obs, ref) VALUES ('lc7002czq', '0561933jl_phot.fits');
INSERT INTO applies_to(obs, ref) VALUES ('ocy517goq', 'h1v11475o_bpx.fits');
INSERT INTO applies_to(obs, ref) VALUES ('ocy517gmq', 'p822207no_pht.fits');
INSERT INTO applies_to(obs, ref) VALUES ('obrz04010', 'w2g1626fo_bia.fits');
INSERT INTO applies_to(obs, ref) VALUES ('lc7006ixq', 'yae1249sl_bpix.fits');
INSERT INTO applies_to(obs, ref) VALUES ('lc7002cvq', 's7g1700gl_dead.fits');
INSERT INTO applies_to(obs, ref) VALUES ('ocy517gmq', '16j1600co_wcp.fits');
INSERT INTO applies_to(obs, ref) VALUES ('lc7005yjq', 'zbn1927gl_gsag.fits');
INSERT INTO applies_to(obs, ref) VALUES ('lc7004keq', '1811831fl_spwcs.fits');
INSERT INTO applies_to(obs, ref) VALUES ('lc7001azq', 'yae1249sl_bpix.fits');
INSERT INTO applies_to(obs, ref) VALUES ('lc7004keq', 'zas1615jl_spot.fits');
INSERT INTO applies_to(obs, ref) VALUES ('lctg01k5q', '1811831fl_spwcs.fits');
INSERT INTO applies_to(obs, ref) VALUES ('o57315040', 'n7p1031qo_1dx.fits');
INSERT INTO applies_to(obs, ref) VALUES ('lc7003a4q', 'x6q17586l_1dx.fits');
INSERT INTO applies_to(obs, ref) VALUES ('o57315040', 'n7p1032ao_apt.fits');
INSERT INTO applies_to(obs, ref) VALUES ('lc7002cxq', 'x1u1459gl_geo.fits');
INSERT INTO applies_to(obs, ref) VALUES ('o64m01040', 'obm1723ro_apd.fits');
INSERT INTO applies_to(obs, ref) VALUES ('o57315040', 'obm1723ro_apd.fits');
INSERT INTO applies_to(obs, ref) VALUES ('lc7004k9q', 'lc7004020_asn.fits');
INSERT INTO applies_to(obs, ref) VALUES ('ocy517gqq', '16j16005o_apd.fits');
INSERT INTO applies_to(obs, ref) VALUES ('lctg02i9q', '14o2013ql_xwalk.fits');
INSERT INTO applies_to(obs, ref) VALUES ('lc7002d1q', 'x1u1459il_brf.fits');
INSERT INTO applies_to(obs, ref) VALUES ('lc7002cvq', '1811827rl_lamp.fits');
INSERT INTO applies_to(obs, ref) VALUES ('o64m01050', 'k8m0958go_srw.fits');
INSERT INTO applies_to(obs, ref) VALUES ('lc7006j7q', '14o2013rl_ywalk.fits');
INSERT INTO applies_to(obs, ref) VALUES ('ocy5170d0', 'pcc2026ko_lfl.fits');
INSERT INTO applies_to(obs, ref) VALUES ('lc7005xgq', '1811827rl_lamp.fits');
INSERT INTO applies_to(obs, ref) VALUES ('ocy517gjq', '13a1941eo_tds.fits');
INSERT INTO applies_to(obs, ref) VALUES ('lc7005xkq', 'x1u1459il_brf.fits');
INSERT INTO applies_to(obs, ref) VALUES ('lc7005xgq', 'x6q17586l_1dx.fits');
INSERT INTO applies_to(obs, ref) VALUES ('lctg02hiq', 'x1u1459il_brf.fits');
INSERT INTO applies_to(obs, ref) VALUES ('lc7001b5q', 'wc318317l_pha.fits');
INSERT INTO applies_to(obs, ref) VALUES ('ocy5170d0', '16j1600co_wcp.fits');
INSERT INTO applies_to(obs, ref) VALUES ('lc7005xkq', 'wc318317l_pha.fits');
INSERT INTO applies_to(obs, ref) VALUES ('lc7003aiq', '14o2013ql_xwalk.fits');
INSERT INTO applies_to(obs, ref) VALUES ('obrz04050', '16j1600co_wcp.fits');
INSERT INTO applies_to(obs, ref) VALUES ('obrz04040', 'x6417096o_pfl.fits');
INSERT INTO applies_to(obs, ref) VALUES ('obrz04010', 'p9r19203o_gac.fits');
INSERT INTO applies_to(obs, ref) VALUES ('lc7003a6q', 'wc318317l_pha.fits');
INSERT INTO applies_to(obs, ref) VALUES ('lc7004k4q', '0bn1606sl_disp.fits');
INSERT INTO applies_to(obs, ref) VALUES ('obrz04030', '16j1600co_wcp.fits');
INSERT INTO applies_to(obs, ref) VALUES ('lc7006iuq', '1811831fl_spwcs.fits');
INSERT INTO applies_to(obs, ref) VALUES ('lc7006ixq', '14o2013ql_xwalk.fits');
INSERT INTO applies_to(obs, ref) VALUES ('obrz05030', 'y2r1559to_apt.fits');
INSERT INTO applies_to(obs, ref) VALUES ('lc7001azq', 'x1u1459gl_geo.fits');
INSERT INTO applies_to(obs, ref) VALUES ('lc7004k4q', 'x1u1459gl_geo.fits');
INSERT INTO applies_to(obs, ref) VALUES ('obrz04030', 'p9r19203o_gac.fits');
INSERT INTO applies_to(obs, ref) VALUES ('ocy517gpq', 'p9r19203o_gac.fits');
INSERT INTO applies_to(obs, ref) VALUES ('obrz05020', '16j16005o_apd.fits');
INSERT INTO applies_to(obs, ref) VALUES ('lc7003aiq', 'zas1615jl_spot.fits');
INSERT INTO applies_to(obs, ref) VALUES ('o57315040', 'q541740qo_pct.fits');
INSERT INTO applies_to(obs, ref) VALUES ('lc7001avq', 'x6q17586l_1dx.fits');
INSERT INTO applies_to(obs, ref) VALUES ('lctg01k1q', 'xab1551cl_flat.fits');
INSERT INTO applies_to(obs, ref) VALUES ('obrz05030', 'mbj1658do_pfl.fits');
INSERT INTO applies_to(obs, ref) VALUES ('obrz05010', 'l421050oo_lmp.fits');
INSERT INTO applies_to(obs, ref) VALUES ('ocy517gjq', 'y2r1559to_apt.fits');
INSERT INTO applies_to(obs, ref) VALUES ('lc7001avq', '14o2013rl_ywalk.fits');
INSERT INTO applies_to(obs, ref) VALUES ('lc7002czq', 'zas1615jl_spot.fits');
INSERT INTO applies_to(obs, ref) VALUES ('o64m01040', 'm7p16111o_dsp.fits');
INSERT INTO applies_to(obs, ref) VALUES ('ocy517giq', 'l2j0137to_dsp.fits');
INSERT INTO applies_to(obs, ref) VALUES ('lc7003agq', '0bn1606sl_disp.fits');
INSERT INTO applies_to(obs, ref) VALUES ('lc7006ibq', 'x1u1459il_brf.fits');
INSERT INTO applies_to(obs, ref) VALUES ('obrz04020', 'h1v11475o_bpx.fits');
INSERT INTO applies_to(obs, ref) VALUES ('o64m01030', 'j9r16559o_lin.fits');
INSERT INTO applies_to(obs, ref) VALUES ('obrz04050', 'q541740po_pct.fits');
INSERT INTO applies_to(obs, ref) VALUES ('obrz05030', '16j1600co_wcp.fits');


CREATE TABLE file (
  name VARCHAR(30) PRIMARY KEY,
  exposure CHAR(9) REFERENCES exposure (rootname),
  fpath VARCHAR(50)
);

INSERT INTO file(name, exposure, fpath) VALUES ('ocy517gkq_raw.fits', 'ocy517gkq', '/media/justin/persephone/school/spect_db');
INSERT INTO file(name, exposure, fpath) VALUES ('lc7003aiq_rawtag_b.fits', 'lc7003aiq', '/media/justin/persephone/school/spect_db');
INSERT INTO file(name, exposure, fpath) VALUES ('lc7005ynq_rawtag_a.fits', 'lc7005ynq', '/media/justin/persephone/school/spect_db');
INSERT INTO file(name, exposure, fpath) VALUES ('lc7005ygq_rawtag_a.fits', 'lc7005ygq', '/media/justin/persephone/school/spect_db');
INSERT INTO file(name, exposure, fpath) VALUES ('lc7001arq_rawtag_b.fits', 'lc7001arq', '/media/justin/persephone/school/spect_db');
INSERT INTO file(name, exposure, fpath) VALUES ('lc7003aaq_rawtag_a.fits', 'lc7003aaq', '/media/justin/persephone/school/spect_db');
INSERT INTO file(name, exposure, fpath) VALUES ('lc7001b1q_rawtag_b.fits', 'lc7001b1q', '/media/justin/persephone/school/spect_db');
INSERT INTO file(name, exposure, fpath) VALUES ('lc7006igq_rawtag_b.fits', 'lc7006igq', '/media/justin/persephone/school/spect_db');
INSERT INTO file(name, exposure, fpath) VALUES ('lc7002d1q_rawtag_a.fits', 'lc7002d1q', '/media/justin/persephone/school/spect_db');
INSERT INTO file(name, exposure, fpath) VALUES ('lctg01k1q_rawtag_b.fits', 'lctg01k1q', '/media/justin/persephone/school/spect_db');
INSERT INTO file(name, exposure, fpath) VALUES ('lc7003a4q_rawtag_b.fits', 'lc7003a4q', '/media/justin/persephone/school/spect_db');
INSERT INTO file(name, exposure, fpath) VALUES ('lc7006i6q_rawtag_b.fits', 'lc7006i6q', '/media/justin/persephone/school/spect_db');
INSERT INTO file(name, exposure, fpath) VALUES ('o64m01010_raw.fits', 'o64m01010', '/media/justin/persephone/school/spect_db');
INSERT INTO file(name, exposure, fpath) VALUES ('lc7006isq_rawtag_b.fits', 'lc7006isq', '/media/justin/persephone/school/spect_db');
INSERT INTO file(name, exposure, fpath) VALUES ('ocy517gmq_raw.fits', 'ocy517gmq', '/media/justin/persephone/school/spect_db');
INSERT INTO file(name, exposure, fpath) VALUES ('lc7002ctq_rawtag_b.fits', 'lc7002ctq', '/media/justin/persephone/school/spect_db');
INSERT INTO file(name, exposure, fpath) VALUES ('lc7001b3q_rawtag_a.fits', 'lc7001b3q', '/media/justin/persephone/school/spect_db');
INSERT INTO file(name, exposure, fpath) VALUES ('lc7006igq_rawtag_a.fits', 'lc7006igq', '/media/justin/persephone/school/spect_db');
INSERT INTO file(name, exposure, fpath) VALUES ('lc7004keq_rawtag_b.fits', 'lc7004keq', '/media/justin/persephone/school/spect_db');
INSERT INTO file(name, exposure, fpath) VALUES ('lc7004k9q_rawtag_a.fits', 'lc7004k9q', '/media/justin/persephone/school/spect_db');
INSERT INTO file(name, exposure, fpath) VALUES ('obrz04020_raw.fits', 'obrz04020', '/media/justin/persephone/school/spect_db');
INSERT INTO file(name, exposure, fpath) VALUES ('lc7006isq_rawtag_a.fits', 'lc7006isq', '/media/justin/persephone/school/spect_db');
INSERT INTO file(name, exposure, fpath) VALUES ('lctg01k5q_rawtag_a.fits', 'lctg01k5q', '/media/justin/persephone/school/spect_db');
INSERT INTO file(name, exposure, fpath) VALUES ('lc7005yqq_rawtag_b.fits', 'lc7005yqq', '/media/justin/persephone/school/spect_db');
INSERT INTO file(name, exposure, fpath) VALUES ('lc7002cxq_rawtag_a.fits', 'lc7002cxq', '/media/justin/persephone/school/spect_db');
INSERT INTO file(name, exposure, fpath) VALUES ('lc7001b3q_rawtag_b.fits', 'lc7001b3q', '/media/justin/persephone/school/spect_db');
INSERT INTO file(name, exposure, fpath) VALUES ('lc7001atq_rawtag_b.fits', 'lc7001atq', '/media/justin/persephone/school/spect_db');
INSERT INTO file(name, exposure, fpath) VALUES ('lc7001atq_rawtag_a.fits', 'lc7001atq', '/media/justin/persephone/school/spect_db');
INSERT INTO file(name, exposure, fpath) VALUES ('o64m01020_raw.fits', 'o64m01020', '/media/justin/persephone/school/spect_db');
INSERT INTO file(name, exposure, fpath) VALUES ('lc7006ixq_rawtag_b.fits', 'lc7006ixq', '/media/justin/persephone/school/spect_db');
INSERT INTO file(name, exposure, fpath) VALUES ('obrz04010_raw.fits', 'obrz04010', '/media/justin/persephone/school/spect_db');
INSERT INTO file(name, exposure, fpath) VALUES ('lc7006j7q_rawtag_b.fits', 'lc7006j7q', '/media/justin/persephone/school/spect_db');
INSERT INTO file(name, exposure, fpath) VALUES ('lc7004koq_rawtag_a.fits', 'lc7004koq', '/media/justin/persephone/school/spect_db');
INSERT INTO file(name, exposure, fpath) VALUES ('o64m01050_raw.fits', 'o64m01050', '/media/justin/persephone/school/spect_db');
INSERT INTO file(name, exposure, fpath) VALUES ('lc7001avq_rawtag_a.fits', 'lc7001avq', '/media/justin/persephone/school/spect_db');
INSERT INTO file(name, exposure, fpath) VALUES ('ocy517giq_raw.fits', 'ocy517giq', '/media/justin/persephone/school/spect_db');
INSERT INTO file(name, exposure, fpath) VALUES ('lc7004k4q_rawtag_b.fits', 'lc7004k4q', '/media/justin/persephone/school/spect_db');
INSERT INTO file(name, exposure, fpath) VALUES ('lc7003agq_rawtag_b.fits', 'lc7003agq', '/media/justin/persephone/school/spect_db');
INSERT INTO file(name, exposure, fpath) VALUES ('lc7004keq_rawtag_a.fits', 'lc7004keq', '/media/justin/persephone/school/spect_db');
INSERT INTO file(name, exposure, fpath) VALUES ('lctg02ijq_rawtag_a.fits', 'lctg02ijq', '/media/justin/persephone/school/spect_db');
INSERT INTO file(name, exposure, fpath) VALUES ('o57315040_raw.fits', 'o57315040', '/media/justin/persephone/school/spect_db');
INSERT INTO file(name, exposure, fpath) VALUES ('lctg02hiq_rawtag_b.fits', 'lctg02hiq', '/media/justin/persephone/school/spect_db');
INSERT INTO file(name, exposure, fpath) VALUES ('lc7005xkq_rawtag_a.fits', 'lc7005xkq', '/media/justin/persephone/school/spect_db');
INSERT INTO file(name, exposure, fpath) VALUES ('lc7004k2q_rawtag_a.fits', 'lc7004k2q', '/media/justin/persephone/school/spect_db');
INSERT INTO file(name, exposure, fpath) VALUES ('lctg01kcq_rawtag_a.fits', 'lctg01kcq', '/media/justin/persephone/school/spect_db');
INSERT INTO file(name, exposure, fpath) VALUES ('lc7004k2q_rawtag_b.fits', 'lc7004k2q', '/media/justin/persephone/school/spect_db');
INSERT INTO file(name, exposure, fpath) VALUES ('obrz04030_raw.fits', 'obrz04030', '/media/justin/persephone/school/spect_db');
INSERT INTO file(name, exposure, fpath) VALUES ('lc7005yqq_rawtag_a.fits', 'lc7005yqq', '/media/justin/persephone/school/spect_db');
INSERT INTO file(name, exposure, fpath) VALUES ('lc7004koq_rawtag_b.fits', 'lc7004koq', '/media/justin/persephone/school/spect_db');
INSERT INTO file(name, exposure, fpath) VALUES ('lc7006ibq_rawtag_b.fits', 'lc7006ibq', '/media/justin/persephone/school/spect_db');
INSERT INTO file(name, exposure, fpath) VALUES ('lc7001azq_rawtag_a.fits', 'lc7001azq', '/media/justin/persephone/school/spect_db');
INSERT INTO file(name, exposure, fpath) VALUES ('lc7001b1q_rawtag_a.fits', 'lc7001b1q', '/media/justin/persephone/school/spect_db');
INSERT INTO file(name, exposure, fpath) VALUES ('lc7006i6q_rawtag_a.fits', 'lc7006i6q', '/media/justin/persephone/school/spect_db');
INSERT INTO file(name, exposure, fpath) VALUES ('lc7004k6q_rawtag_b.fits', 'lc7004k6q', '/media/justin/persephone/school/spect_db');
INSERT INTO file(name, exposure, fpath) VALUES ('lc7005xgq_rawtag_a.fits', 'lc7005xgq', '/media/justin/persephone/school/spect_db');
INSERT INTO file(name, exposure, fpath) VALUES ('lc7005yjq_rawtag_a.fits', 'lc7005yjq', '/media/justin/persephone/school/spect_db');
INSERT INTO file(name, exposure, fpath) VALUES ('o64m01040_raw.fits', 'o64m01040', '/media/justin/persephone/school/spect_db');
INSERT INTO file(name, exposure, fpath) VALUES ('lc7002cnq_rawtag_a.fits', 'lc7002cnq', '/media/justin/persephone/school/spect_db');
INSERT INTO file(name, exposure, fpath) VALUES ('lc7003aeq_rawtag_b.fits', 'lc7003aeq', '/media/justin/persephone/school/spect_db');
INSERT INTO file(name, exposure, fpath) VALUES ('lc7004kgq_rawtag_a.fits', 'lc7004kgq', '/media/justin/persephone/school/spect_db');
INSERT INTO file(name, exposure, fpath) VALUES ('lc7003a6q_rawtag_b.fits', 'lc7003a6q', '/media/justin/persephone/school/spect_db');
INSERT INTO file(name, exposure, fpath) VALUES ('lctg02ieq_rawtag_a.fits', 'lctg02ieq', '/media/justin/persephone/school/spect_db');
INSERT INTO file(name, exposure, fpath) VALUES ('lctg02irq_rawtag_a.fits', 'lctg02irq', '/media/justin/persephone/school/spect_db');
INSERT INTO file(name, exposure, fpath) VALUES ('lc7003a8q_rawtag_a.fits', 'lc7003a8q', '/media/justin/persephone/school/spect_db');
INSERT INTO file(name, exposure, fpath) VALUES ('obrz04050_raw.fits', 'obrz04050', '/media/justin/persephone/school/spect_db');
INSERT INTO file(name, exposure, fpath) VALUES ('lc7006j7q_rawtag_a.fits', 'lc7006j7q', '/media/justin/persephone/school/spect_db');
INSERT INTO file(name, exposure, fpath) VALUES ('lc7002crq_rawtag_b.fits', 'lc7002crq', '/media/justin/persephone/school/spect_db');
INSERT INTO file(name, exposure, fpath) VALUES ('lc7003acq_rawtag_a.fits', 'lc7003acq', '/media/justin/persephone/school/spect_db');
INSERT INTO file(name, exposure, fpath) VALUES ('lc7005xkq_rawtag_b.fits', 'lc7005xkq', '/media/justin/persephone/school/spect_db');
INSERT INTO file(name, exposure, fpath) VALUES ('obrz05030_raw.fits', 'obrz05030', '/media/justin/persephone/school/spect_db');
INSERT INTO file(name, exposure, fpath) VALUES ('lc7003aiq_rawtag_a.fits', 'lc7003aiq', '/media/justin/persephone/school/spect_db');
INSERT INTO file(name, exposure, fpath) VALUES ('lc7001avq_rawtag_b.fits', 'lc7001avq', '/media/justin/persephone/school/spect_db');
INSERT INTO file(name, exposure, fpath) VALUES ('lctg01kcq_rawtag_b.fits', 'lctg01kcq', '/media/justin/persephone/school/spect_db');
INSERT INTO file(name, exposure, fpath) VALUES ('lc7006ibq_rawtag_a.fits', 'lc7006ibq', '/media/justin/persephone/school/spect_db');
INSERT INTO file(name, exposure, fpath) VALUES ('lc7003a4q_rawtag_a.fits', 'lc7003a4q', '/media/justin/persephone/school/spect_db');
INSERT INTO file(name, exposure, fpath) VALUES ('lctg02hiq_rawtag_a.fits', 'lctg02hiq', '/media/justin/persephone/school/spect_db');
INSERT INTO file(name, exposure, fpath) VALUES ('lc7006iuq_rawtag_b.fits', 'lc7006iuq', '/media/justin/persephone/school/spect_db');
INSERT INTO file(name, exposure, fpath) VALUES ('lctg02ieq_rawtag_b.fits', 'lctg02ieq', '/media/justin/persephone/school/spect_db');
INSERT INTO file(name, exposure, fpath) VALUES ('ocy5170d0_raw.fits', 'ocy5170d0', '/media/justin/persephone/school/spect_db');
INSERT INTO file(name, exposure, fpath) VALUES ('lc7006ixq_rawtag_a.fits', 'lc7006ixq', '/media/justin/persephone/school/spect_db');
INSERT INTO file(name, exposure, fpath) VALUES ('lctg02ijq_rawtag_b.fits', 'lctg02ijq', '/media/justin/persephone/school/spect_db');
INSERT INTO file(name, exposure, fpath) VALUES ('lc7003acq_rawtag_b.fits', 'lc7003acq', '/media/justin/persephone/school/spect_db');
INSERT INTO file(name, exposure, fpath) VALUES ('lc7003aeq_rawtag_a.fits', 'lc7003aeq', '/media/justin/persephone/school/spect_db');
INSERT INTO file(name, exposure, fpath) VALUES ('lc7004k9q_rawtag_b.fits', 'lc7004k9q', '/media/justin/persephone/school/spect_db');
INSERT INTO file(name, exposure, fpath) VALUES ('lc7002cpq_rawtag_a.fits', 'lc7002cpq', '/media/justin/persephone/school/spect_db');
INSERT INTO file(name, exposure, fpath) VALUES ('lc7001arq_rawtag_a.fits', 'lc7001arq', '/media/justin/persephone/school/spect_db');
INSERT INTO file(name, exposure, fpath) VALUES ('lc7002cpq_rawtag_b.fits', 'lc7002cpq', '/media/justin/persephone/school/spect_db');
INSERT INTO file(name, exposure, fpath) VALUES ('lc7005ynq_rawtag_b.fits', 'lc7005ynq', '/media/justin/persephone/school/spect_db');
INSERT INTO file(name, exposure, fpath) VALUES ('lc7002cxq_rawtag_b.fits', 'lc7002cxq', '/media/justin/persephone/school/spect_db');
INSERT INTO file(name, exposure, fpath) VALUES ('ocy517goq_raw.fits', 'ocy517goq', '/media/justin/persephone/school/spect_db');
INSERT INTO file(name, exposure, fpath) VALUES ('lc7002czq_rawtag_b.fits', 'lc7002czq', '/media/justin/persephone/school/spect_db');
INSERT INTO file(name, exposure, fpath) VALUES ('lc7004kbq_rawtag_a.fits', 'lc7004kbq', '/media/justin/persephone/school/spect_db');
INSERT INTO file(name, exposure, fpath) VALUES ('lctg01k5q_rawtag_b.fits', 'lctg01k5q', '/media/justin/persephone/school/spect_db');
INSERT INTO file(name, exposure, fpath) VALUES ('lc7005yjq_rawtag_b.fits', 'lc7005yjq', '/media/justin/persephone/school/spect_db');
INSERT INTO file(name, exposure, fpath) VALUES ('lc7005ygq_rawtag_b.fits', 'lc7005ygq', '/media/justin/persephone/school/spect_db');
INSERT INTO file(name, exposure, fpath) VALUES ('lc7001b5q_rawtag_b.fits', 'lc7001b5q', '/media/justin/persephone/school/spect_db');
INSERT INTO file(name, exposure, fpath) VALUES ('lc7002ctq_rawtag_a.fits', 'lc7002ctq', '/media/justin/persephone/school/spect_db');
INSERT INTO file(name, exposure, fpath) VALUES ('lc7004k4q_rawtag_a.fits', 'lc7004k4q', '/media/justin/persephone/school/spect_db');
INSERT INTO file(name, exposure, fpath) VALUES ('lc7002cnq_rawtag_b.fits', 'lc7002cnq', '/media/justin/persephone/school/spect_db');
INSERT INTO file(name, exposure, fpath) VALUES ('lc7002d1q_rawtag_b.fits', 'lc7002d1q', '/media/justin/persephone/school/spect_db');
INSERT INTO file(name, exposure, fpath) VALUES ('lctg01j6q_rawtag_b.fits', 'lctg01j6q', '/media/justin/persephone/school/spect_db');
INSERT INTO file(name, exposure, fpath) VALUES ('obrz05010_raw.fits', 'obrz05010', '/media/justin/persephone/school/spect_db');
INSERT INTO file(name, exposure, fpath) VALUES ('lc7001b5q_rawtag_a.fits', 'lc7001b5q', '/media/justin/persephone/school/spect_db');
INSERT INTO file(name, exposure, fpath) VALUES ('obrz04040_raw.fits', 'obrz04040', '/media/justin/persephone/school/spect_db');
INSERT INTO file(name, exposure, fpath) VALUES ('lc7004kgq_rawtag_b.fits', 'lc7004kgq', '/media/justin/persephone/school/spect_db');
INSERT INTO file(name, exposure, fpath) VALUES ('lctg02i9q_rawtag_a.fits', 'lctg02i9q', '/media/justin/persephone/school/spect_db');
INSERT INTO file(name, exposure, fpath) VALUES ('lctg02irq_rawtag_b.fits', 'lctg02irq', '/media/justin/persephone/school/spect_db');
INSERT INTO file(name, exposure, fpath) VALUES ('lc7003a8q_rawtag_b.fits', 'lc7003a8q', '/media/justin/persephone/school/spect_db');
INSERT INTO file(name, exposure, fpath) VALUES ('lc7006iuq_rawtag_a.fits', 'lc7006iuq', '/media/justin/persephone/school/spect_db');
INSERT INTO file(name, exposure, fpath) VALUES ('lc7003agq_rawtag_a.fits', 'lc7003agq', '/media/justin/persephone/school/spect_db');
INSERT INTO file(name, exposure, fpath) VALUES ('lc7002cvq_rawtag_a.fits', 'lc7002cvq', '/media/justin/persephone/school/spect_db');
INSERT INTO file(name, exposure, fpath) VALUES ('lc7002cvq_rawtag_b.fits', 'lc7002cvq', '/media/justin/persephone/school/spect_db');
INSERT INTO file(name, exposure, fpath) VALUES ('lc7001axq_rawtag_b.fits', 'lc7001axq', '/media/justin/persephone/school/spect_db');
INSERT INTO file(name, exposure, fpath) VALUES ('ocy517gnq_raw.fits', 'ocy517gnq', '/media/justin/persephone/school/spect_db');
INSERT INTO file(name, exposure, fpath) VALUES ('ocy517gpq_raw.fits', 'ocy517gpq', '/media/justin/persephone/school/spect_db');
INSERT INTO file(name, exposure, fpath) VALUES ('lctg01k1q_rawtag_a.fits', 'lctg01k1q', '/media/justin/persephone/school/spect_db');
INSERT INTO file(name, exposure, fpath) VALUES ('lc7002czq_rawtag_a.fits', 'lc7002czq', '/media/justin/persephone/school/spect_db');
INSERT INTO file(name, exposure, fpath) VALUES ('lc7001azq_rawtag_b.fits', 'lc7001azq', '/media/justin/persephone/school/spect_db');
INSERT INTO file(name, exposure, fpath) VALUES ('obrz05020_raw.fits', 'obrz05020', '/media/justin/persephone/school/spect_db');
INSERT INTO file(name, exposure, fpath) VALUES ('lc7003aaq_rawtag_b.fits', 'lc7003aaq', '/media/justin/persephone/school/spect_db');
INSERT INTO file(name, exposure, fpath) VALUES ('ocy517gjq_raw.fits', 'ocy517gjq', '/media/justin/persephone/school/spect_db');
INSERT INTO file(name, exposure, fpath) VALUES ('lc7006idq_rawtag_b.fits', 'lc7006idq', '/media/justin/persephone/school/spect_db');
INSERT INTO file(name, exposure, fpath) VALUES ('lctg01j6q_rawtag_a.fits', 'lctg01j6q', '/media/justin/persephone/school/spect_db');
INSERT INTO file(name, exposure, fpath) VALUES ('lctg02i9q_rawtag_b.fits', 'lctg02i9q', '/media/justin/persephone/school/spect_db');
INSERT INTO file(name, exposure, fpath) VALUES ('lc7005xiq_rawtag_b.fits', 'lc7005xiq', '/media/justin/persephone/school/spect_db');
INSERT INTO file(name, exposure, fpath) VALUES ('ocy517gqq_raw.fits', 'ocy517gqq', '/media/justin/persephone/school/spect_db');
INSERT INTO file(name, exposure, fpath) VALUES ('lc7005xiq_rawtag_a.fits', 'lc7005xiq', '/media/justin/persephone/school/spect_db');
INSERT INTO file(name, exposure, fpath) VALUES ('ocy517glq_raw.fits', 'ocy517glq', '/media/justin/persephone/school/spect_db');
INSERT INTO file(name, exposure, fpath) VALUES ('lc7005xgq_rawtag_b.fits', 'lc7005xgq', '/media/justin/persephone/school/spect_db');
INSERT INTO file(name, exposure, fpath) VALUES ('lc7003a6q_rawtag_a.fits', 'lc7003a6q', '/media/justin/persephone/school/spect_db');
INSERT INTO file(name, exposure, fpath) VALUES ('o64m01030_raw.fits', 'o64m01030', '/media/justin/persephone/school/spect_db');
INSERT INTO file(name, exposure, fpath) VALUES ('lc7005ylq_rawtag_b.fits', 'lc7005ylq', '/media/justin/persephone/school/spect_db');
INSERT INTO file(name, exposure, fpath) VALUES ('lc7004k6q_rawtag_a.fits', 'lc7004k6q', '/media/justin/persephone/school/spect_db');
INSERT INTO file(name, exposure, fpath) VALUES ('lc7001axq_rawtag_a.fits', 'lc7001axq', '/media/justin/persephone/school/spect_db');
INSERT INTO file(name, exposure, fpath) VALUES ('lc7002crq_rawtag_a.fits', 'lc7002crq', '/media/justin/persephone/school/spect_db');
INSERT INTO file(name, exposure, fpath) VALUES ('lc7004kbq_rawtag_b.fits', 'lc7004kbq', '/media/justin/persephone/school/spect_db');
INSERT INTO file(name, exposure, fpath) VALUES ('lc7005ylq_rawtag_a.fits', 'lc7005ylq', '/media/justin/persephone/school/spect_db');
INSERT INTO file(name, exposure, fpath) VALUES ('lc7006idq_rawtag_a.fits', 'lc7006idq', '/media/justin/persephone/school/spect_db');